0 verbose cli C:\node.exe C:\node_modules\npm\bin\npm-cli.js
1 info using npm@11.6.2
2 info using node@v24.13.0
3 silly config load:file:C:\node_modules\npm\npmrc
4 silly config load:file:C:\Users\franp\menuMuestra\.npmrc
5 silly config load:file:C:\Users\franp\.npmrc
6 silly config load:file:C:\Users\franp\menuMuestra\%AppData%\npm\etc\npmrc
7 verbose title npm install typescript @types/react @types/node
8 verbose argv "install" "--save-dev" "typescript" "@types/react" "@types/node"
9 verbose logfile logs-max:10 dir:C:\Users\franp\menuMuestra\%AppData%\npm-cache\_logs\2026-08-06T15_10_48_656Z-
10 verbose logfile C:\Users\franp\menuMuestra\%AppData%\npm-cache\_logs\2026-08-06T15_10_48_656Z-debug-0.log
11 silly logfile done cleaning log files
12 silly packumentCache heap:2348810240 maxSize:587202560 maxEntrySize:293601280
13 silly idealTree buildDeps
14 silly fetch manifest typescript@*
15 silly packumentCache full:https://registry.npmjs.org/typescript cache-miss
16 http fetch GET 200 https://registry.npmjs.org/typescript 371ms (cache miss)
17 silly packumentCache full:https://registry.npmjs.org/typescript set size:undefined disposed:false
18 silly fetch manifest @types/react@*
19 silly packumentCache full:https://registry.npmjs.org/@types%2freact cache-miss
20 http fetch GET 200 https://registry.npmjs.org/@types%2freact 102ms (cache miss)
21 silly packumentCache full:https://registry.npmjs.org/@types%2freact set size:undefined disposed:false
22 silly fetch manifest @types/node@*
23 silly packumentCache full:https://registry.npmjs.org/@types%2fnode cache-miss
24 http fetch GET 200 https://registry.npmjs.org/@types%2fnode 179ms (cache miss)
25 silly packumentCache full:https://registry.npmjs.org/@types%2fnode set size:undefined disposed:false
26 silly placeDep ROOT @types/node@26.1.2 OK for:  want: *
27 silly placeDep ROOT @types/react@19.2.18 OK for:  want: *
28 silly placeDep ROOT typescript@7.0.2 OK for:  want: *
29 silly fetch manifest undici-types@~8.3.0
30 silly packumentCache full:https://registry.npmjs.org/undici-types cache-miss
31 silly fetch manifest csstype@^3.2.2
32 silly packumentCache full:https://registry.npmjs.org/csstype cache-miss
33 silly fetch manifest @typescript/typescript-aix-ppc64@7.0.2
34 silly packumentCache full:https://registry.npmjs.org/@typescript%2ftypescript-aix-ppc64 cache-miss
35 silly fetch manifest @typescript/typescript-linux-arm@7.0.2
36 silly packumentCache full:https://registry.npmjs.org/@typescript%2ftypescript-linux-arm cache-miss
37 silly fetch manifest @typescript/typescript-linux-x64@7.0.2
38 silly packumentCache full:https://registry.npmjs.org/@typescript%2ftypescript-linux-x64 cache-miss
39 silly fetch manifest @typescript/typescript-sunos-x64@7.0.2
40 silly packumentCache full:https://registry.npmjs.org/@typescript%2ftypescript-sunos-x64 cache-miss
41 silly fetch manifest @typescript/typescript-win32-x64@7.0.2
42 silly packumentCache full:https://registry.npmjs.org/@typescript%2ftypescript-win32-x64 cache-miss
43 http fetch GET 200 https://registry.npmjs.org/undici-types 49ms (cache miss)
44 silly packumentCache full:https://registry.npmjs.org/undici-types set size:undefined disposed:false
45 silly fetch manifest @typescript/typescript-darwin-x64@7.0.2
46 silly packumentCache full:https://registry.npmjs.org/@typescript%2ftypescript-darwin-x64 cache-miss
47 http fetch GET 200 https://registry.npmjs.org/csstype 128ms (cache miss)
48 silly packumentCache full:https://registry.npmjs.org/csstype set size:undefined disposed:false
49 silly fetch manifest @typescript/typescript-netbsd-x64@7.0.2
50 silly packumentCache full:https://registry.npmjs.org/@typescript%2ftypescript-netbsd-x64 cache-miss
51 http fetch GET 200 https://registry.npmjs.org/@typescript%2ftypescript-linux-arm 289ms (cache miss)
52 silly packumentCache full:https://registry.npmjs.org/@typescript%2ftypescript-linux-arm set size:undefined disposed:false
53 silly fetch manifest @typescript/typescript-freebsd-x64@7.0.2
54 silly packumentCache full:https://registry.npmjs.org/@typescript%2ftypescript-freebsd-x64 cache-miss
55 http fetch GET 200 https://registry.npmjs.org/@typescript%2ftypescript-darwin-x64 251ms (cache miss)
56 silly packumentCache full:https://registry.npmjs.org/@typescript%2ftypescript-darwin-x64 set size:undefined disposed:false
57 silly fetch manifest @typescript/typescript-linux-arm64@7.0.2
58 silly packumentCache full:https://registry.npmjs.org/@typescript%2ftypescript-linux-arm64 cache-miss
59 http fetch GET 200 https://registry.npmjs.org/@typescript%2ftypescript-win32-x64 308ms (cache miss)
60 silly packumentCache full:https://registry.npmjs.org/@typescript%2ftypescript-win32-x64 set size:undefined disposed:false
61 silly fetch manifest @typescript/typescript-linux-ppc64@7.0.2
62 silly packumentCache full:https://registry.npmjs.org/@typescript%2ftypescript-linux-ppc64 cache-miss
63 http fetch GET 200 https://registry.npmjs.org/@typescript%2ftypescript-netbsd-x64 213ms (cache miss)
64 silly packumentCache full:https://registry.npmjs.org/@typescript%2ftypescript-netbsd-x64 set size:undefined disposed:false
65 silly fetch manifest @typescript/typescript-linux-s390x@7.0.2
66 silly packumentCache full:https://registry.npmjs.org/@typescript%2ftypescript-linux-s390x cache-miss
67 http fetch GET 200 https://registry.npmjs.org/@typescript%2ftypescript-aix-ppc64 503ms (cache miss)
68 silly packumentCache full:https://registry.npmjs.org/@typescript%2ftypescript-aix-ppc64 set size:undefined disposed:false
69 silly fetch manifest @typescript/typescript-openbsd-x64@7.0.2
70 silly packumentCache full:https://registry.npmjs.org/@typescript%2ftypescript-openbsd-x64 cache-miss
71 http fetch GET 200 https://registry.npmjs.org/@typescript%2ftypescript-sunos-x64 508ms (cache miss)
72 silly packumentCache full:https://registry.npmjs.org/@typescript%2ftypescript-sunos-x64 set size:undefined disposed:false
73 silly fetch manifest @typescript/typescript-win32-arm64@7.0.2
74 silly packumentCache full:https://registry.npmjs.org/@typescript%2ftypescript-win32-arm64 cache-miss
75 http fetch GET 200 https://registry.npmjs.org/@typescript%2ftypescript-linux-x64 512ms (cache miss)
76 silly packumentCache full:https://registry.npmjs.org/@typescript%2ftypescript-linux-x64 set size:undefined disposed:false
77 silly fetch manifest @typescript/typescript-darwin-arm64@7.0.2
78 silly packumentCache full:https://registry.npmjs.org/@typescript%2ftypescript-darwin-arm64 cache-miss
79 http fetch GET 200 https://registry.npmjs.org/@typescript%2ftypescript-linux-ppc64 220ms (cache miss)
80 silly packumentCache full:https://registry.npmjs.org/@typescript%2ftypescript-linux-ppc64 set size:undefined disposed:false
81 silly fetch manifest @typescript/typescript-netbsd-arm64@7.0.2
82 silly packumentCache full:https://registry.npmjs.org/@typescript%2ftypescript-netbsd-arm64 cache-miss
83 http fetch GET 200 https://registry.npmjs.org/@typescript%2ftypescript-linux-s390x 228ms (cache miss)
84 silly packumentCache full:https://registry.npmjs.org/@typescript%2ftypescript-linux-s390x set size:undefined disposed:false
85 silly fetch manifest @typescript/typescript-freebsd-arm64@7.0.2
86 silly packumentCache full:https://registry.npmjs.org/@typescript%2ftypescript-freebsd-arm64 cache-miss
87 http fetch GET 200 https://registry.npmjs.org/@typescript%2ftypescript-win32-arm64 225ms (cache miss)
88 silly packumentCache full:https://registry.npmjs.org/@typescript%2ftypescript-win32-arm64 set size:undefined disposed:false
89 silly fetch manifest @typescript/typescript-linux-loong64@7.0.2
90 silly packumentCache full:https://registry.npmjs.org/@typescript%2ftypescript-linux-loong64 cache-miss
91 http fetch GET 200 https://registry.npmjs.org/@typescript%2ftypescript-linux-arm64 542ms (cache miss)
92 silly packumentCache full:https://registry.npmjs.org/@typescript%2ftypescript-linux-arm64 set size:undefined disposed:false
93 silly fetch manifest @typescript/typescript-linux-riscv64@7.0.2
94 silly packumentCache full:https://registry.npmjs.org/@typescript%2ftypescript-linux-riscv64 cache-miss
95 http fetch GET 200 https://registry.npmjs.org/@typescript%2ftypescript-freebsd-x64 628ms (cache miss)
96 silly packumentCache full:https://registry.npmjs.org/@typescript%2ftypescript-freebsd-x64 set size:undefined disposed:false
97 silly fetch manifest @typescript/typescript-openbsd-arm64@7.0.2
98 silly packumentCache full:https://registry.npmjs.org/@typescript%2ftypescript-openbsd-arm64 cache-miss
99 http fetch GET 200 https://registry.npmjs.org/@typescript%2ftypescript-openbsd-x64 429ms (cache miss)
100 silly packumentCache full:https://registry.npmjs.org/@typescript%2ftypescript-openbsd-x64 set size:undefined disposed:false
101 silly fetch manifest @typescript/typescript-linux-mips64el@7.0.2
102 silly packumentCache full:https://registry.npmjs.org/@typescript%2ftypescript-linux-mips64el cache-miss
103 http fetch GET 200 https://registry.npmjs.org/@typescript%2ftypescript-netbsd-arm64 419ms (cache miss)
104 silly packumentCache full:https://registry.npmjs.org/@typescript%2ftypescript-netbsd-arm64 set size:undefined disposed:false
105 http fetch GET 200 https://registry.npmjs.org/@typescript%2ftypescript-darwin-arm64 438ms (cache miss)
106 silly packumentCache full:https://registry.npmjs.org/@typescript%2ftypescript-darwin-arm64 set size:undefined disposed:false
107 http fetch GET 200 https://registry.npmjs.org/@typescript%2ftypescript-freebsd-arm64 420ms (cache miss)
108 silly packumentCache full:https://registry.npmjs.org/@typescript%2ftypescript-freebsd-arm64 set size:undefined disposed:false
109 http fetch GET 200 https://registry.npmjs.org/@typescript%2ftypescript-openbsd-arm64 222ms (cache miss)
110 silly packumentCache full:https://registry.npmjs.org/@typescript%2ftypescript-openbsd-arm64 set size:undefined disposed:false
111 http fetch GET 200 https://registry.npmjs.org/@typescript%2ftypescript-linux-loong64 426ms (cache miss)
112 silly packumentCache full:https://registry.npmjs.org/@typescript%2ftypescript-linux-loong64 set size:undefined disposed:false
113 http fetch GET 200 https://registry.npmjs.org/@typescript%2ftypescript-linux-riscv64 418ms (cache miss)
114 silly packumentCache full:https://registry.npmjs.org/@typescript%2ftypescript-linux-riscv64 set size:undefined disposed:false
115 http fetch GET 200 https://registry.npmjs.org/@typescript%2ftypescript-linux-mips64el 447ms (cache miss)
116 silly packumentCache full:https://registry.npmjs.org/@typescript%2ftypescript-linux-mips64el set size:undefined disposed:false
117 silly fetch manifest @testing-library/jest-dom@^6.9.1
118 silly packumentCache full:https://registry.npmjs.org/@testing-library%2fjest-dom cache-miss
119 http fetch GET 200 https://registry.npmjs.org/@testing-library%2fjest-dom 262ms (cache miss)
120 silly packumentCache full:https://registry.npmjs.org/@testing-library%2fjest-dom set size:undefined disposed:false
121 silly fetch manifest @testing-library/react@^14.3.1
122 silly packumentCache full:https://registry.npmjs.org/@testing-library%2freact cache-miss
123 http fetch GET 200 https://registry.npmjs.org/@testing-library%2freact 274ms (cache miss)
124 silly packumentCache full:https://registry.npmjs.org/@testing-library%2freact set size:undefined disposed:false
125 silly fetch manifest react@^16.5.1 || ^17.0.0 || ^18.0.0 || ^19.0.0
126 silly packumentCache full:https://registry.npmjs.org/react cache-miss
127 http fetch GET 200 https://registry.npmjs.org/react 189ms (cache miss)
128 silly packumentCache full:https://registry.npmjs.org/react set size:undefined disposed:false
129 silly fetch manifest react@^18.0.0
130 silly packumentCache full:https://registry.npmjs.org/react cache-miss
131 http cache https://registry.npmjs.org/react 24ms (cache hit)
132 silly packumentCache full:https://registry.npmjs.org/react set size:6868792 disposed:false
133 silly fetch manifest react-dom@^18.0.0
134 silly packumentCache full:https://registry.npmjs.org/react-dom cache-miss
135 http fetch GET 200 https://registry.npmjs.org/react-dom 209ms (cache miss)
136 silly packumentCache full:https://registry.npmjs.org/react-dom set size:undefined disposed:false
137 silly fetch manifest @types/react@^18.3.31
138 silly packumentCache full:https://registry.npmjs.org/@types%2freact cache-miss
139 http cache https://registry.npmjs.org/@types%2freact 14ms (cache hit)
140 silly packumentCache full:https://registry.npmjs.org/@types%2freact set size:2637439 disposed:false
141 silly fetch manifest @vitejs/plugin-react@^4.7.0
142 silly packumentCache full:https://registry.npmjs.org/@vitejs%2fplugin-react cache-miss
143 http fetch GET 200 https://registry.npmjs.org/@vitejs%2fplugin-react 54ms (cache miss)
144 silly packumentCache full:https://registry.npmjs.org/@vitejs%2fplugin-react set size:undefined disposed:false
145 silly fetch manifest vite@^4.2.0 || ^5.0.0 || ^6.0.0 || ^7.0.0
146 silly packumentCache full:https://registry.npmjs.org/vite cache-miss
147 http fetch GET 200 https://registry.npmjs.org/vite 1174ms (cache miss)
148 silly packumentCache full:https://registry.npmjs.org/vite set size:undefined disposed:false
149 silly fetch manifest @types/node@^20.19.0 || >=22.12.0
150 silly packumentCache full:https://registry.npmjs.org/@types%2fnode cache-miss
151 http cache https://registry.npmjs.org/@types%2fnode 50ms (cache hit)
152 silly packumentCache full:https://registry.npmjs.org/@types%2fnode set size:11084776 disposed:false
153 silly fetch manifest jiti@>=1.21.0
154 silly packumentCache full:https://registry.npmjs.org/jiti cache-miss
155 http fetch GET 200 https://registry.npmjs.org/jiti 55ms (cache miss)
156 silly packumentCache full:https://registry.npmjs.org/jiti set size:undefined disposed:false
157 silly fetch manifest less@^4.0.0
158 silly packumentCache full:https://registry.npmjs.org/less cache-miss
159 http fetch GET 200 https://registry.npmjs.org/less 49ms (cache miss)
160 silly packumentCache full:https://registry.npmjs.org/less set size:undefined disposed:false
161 silly fetch manifest lightningcss@^1.21.0
162 silly packumentCache full:https://registry.npmjs.org/lightningcss cache-miss
163 http fetch GET 200 https://registry.npmjs.org/lightningcss 39ms (cache miss)
164 silly packumentCache full:https://registry.npmjs.org/lightningcss set size:undefined disposed:false
165 silly fetch manifest sass@^1.70.0
166 silly packumentCache full:https://registry.npmjs.org/sass cache-miss
167 http fetch GET 200 https://registry.npmjs.org/sass 265ms (cache miss)
168 silly packumentCache full:https://registry.npmjs.org/sass set size:undefined disposed:false
169 silly fetch manifest sass-embedded@^1.70.0
170 silly packumentCache full:https://registry.npmjs.org/sass-embedded cache-miss
171 http fetch GET 200 https://registry.npmjs.org/sass-embedded 42ms (cache miss)
172 silly packumentCache full:https://registry.npmjs.org/sass-embedded set size:undefined disposed:false
173 silly fetch manifest stylus@>=0.54.8
174 silly packumentCache full:https://registry.npmjs.org/stylus cache-miss
175 http fetch GET 200 https://registry.npmjs.org/stylus 37ms (cache miss)
176 silly packumentCache full:https://registry.npmjs.org/stylus set size:undefined disposed:false
177 silly fetch manifest sugarss@^5.0.0
178 silly packumentCache full:https://registry.npmjs.org/sugarss cache-miss
179 http fetch GET 200 https://registry.npmjs.org/sugarss 32ms (cache miss)
180 silly packumentCache full:https://registry.npmjs.org/sugarss set size:undefined disposed:false
181 silly fetch manifest postcss@^8.3.3
182 silly packumentCache full:https://registry.npmjs.org/postcss cache-miss
183 http fetch GET 200 https://registry.npmjs.org/postcss 63ms (cache miss)
184 silly packumentCache full:https://registry.npmjs.org/postcss set size:undefined disposed:false
185 silly fetch manifest terser@^5.16.0
186 silly packumentCache full:https://registry.npmjs.org/terser cache-miss
187 http fetch GET 200 https://registry.npmjs.org/terser 61ms (cache miss)
188 silly packumentCache full:https://registry.npmjs.org/terser set size:undefined disposed:false
189 silly fetch manifest tsx@^4.8.1
190 silly packumentCache full:https://registry.npmjs.org/tsx cache-miss
191 http fetch GET 200 https://registry.npmjs.org/tsx 41ms (cache miss)
192 silly packumentCache full:https://registry.npmjs.org/tsx set size:undefined disposed:false
193 silly fetch manifest yaml@^2.4.2
194 silly packumentCache full:https://registry.npmjs.org/yaml cache-miss
195 http fetch GET 200 https://registry.npmjs.org/yaml 42ms (cache miss)
196 silly packumentCache full:https://registry.npmjs.org/yaml set size:undefined disposed:false
197 silly fetch manifest jest-serializer-html@^7.1.0
198 silly packumentCache full:https://registry.npmjs.org/jest-serializer-html cache-miss
199 http fetch GET 200 https://registry.npmjs.org/jest-serializer-html 245ms (cache miss)
200 silly packumentCache full:https://registry.npmjs.org/jest-serializer-html set size:undefined disposed:false
201 silly fetch manifest react@18.2.0
202 silly packumentCache full:https://registry.npmjs.org/react cache-miss
203 http cache https://registry.npmjs.org/react 20ms (cache hit)
204 silly packumentCache full:https://registry.npmjs.org/react set size:6868792 disposed:false
205 silly fetch manifest react-dom@18.2.0
206 silly packumentCache full:https://registry.npmjs.org/react-dom cache-miss
207 http cache https://registry.npmjs.org/react-dom 22ms (cache hit)
208 silly packumentCache full:https://registry.npmjs.org/react-dom set size:9221722 disposed:false
209 silly fetch manifest react@^18.2.0
210 silly packumentCache full:https://registry.npmjs.org/react cache-miss
211 http cache https://registry.npmjs.org/react 41ms (cache hit)
212 silly packumentCache full:https://registry.npmjs.org/react set size:6868792 disposed:false
213 silly fetch manifest rollup@^4.62.2
214 silly packumentCache full:https://registry.npmjs.org/rollup cache-miss
215 http fetch GET 200 https://registry.npmjs.org/rollup 133ms (cache miss)
216 silly packumentCache full:https://registry.npmjs.org/rollup set size:undefined disposed:false
217 silly fetch manifest rollup-plugin-dts@^6.4.1
218 silly packumentCache full:https://registry.npmjs.org/rollup-plugin-dts cache-miss
219 http fetch GET 200 https://registry.npmjs.org/rollup-plugin-dts 244ms (cache miss)
220 silly packumentCache full:https://registry.npmjs.org/rollup-plugin-dts set size:undefined disposed:false
221 silly fetch manifest @typescript/typescript6@^6
222 silly packumentCache full:https://registry.npmjs.org/@typescript%2ftypescript6 cache-miss
223 http fetch GET 200 https://registry.npmjs.org/@typescript%2ftypescript6 648ms (cache miss)
224 silly packumentCache full:https://registry.npmjs.org/@typescript%2ftypescript6 set size:undefined disposed:false
225 silly fetch manifest rollup@^3 || ^4
226 silly packumentCache full:https://registry.npmjs.org/rollup cache-miss
227 http cache https://registry.npmjs.org/rollup 16ms (cache hit)
228 silly packumentCache full:https://registry.npmjs.org/rollup set size:6278661 disposed:false
229 silly fetch manifest typescript@^4.5 || ^5 || ^6 || ^7
230 silly packumentCache full:https://registry.npmjs.org/typescript cache-miss
231 http cache https://registry.npmjs.org/typescript 33ms (cache hit)
232 silly packumentCache full:https://registry.npmjs.org/typescript set size:15522325 disposed:false
233 silly fetch manifest rollup-plugin-preserve-directives@^0.4.0
234 silly packumentCache full:https://registry.npmjs.org/rollup-plugin-preserve-directives cache-miss
235 http fetch GET 200 https://registry.npmjs.org/rollup-plugin-preserve-directives 254ms (cache miss)
236 silly packumentCache full:https://registry.npmjs.org/rollup-plugin-preserve-directives set size:undefined disposed:false
237 silly fetch manifest rollup@2.x || 3.x || 4.x
238 silly packumentCache full:https://registry.npmjs.org/rollup cache-miss
239 http cache https://registry.npmjs.org/rollup 16ms (cache hit)
240 silly packumentCache full:https://registry.npmjs.org/rollup set size:6278661 disposed:false
241 silly fetch manifest typescript@^5.9.3
242 silly packumentCache full:https://registry.npmjs.org/typescript cache-miss
243 http cache https://registry.npmjs.org/typescript 39ms (cache hit)
244 silly packumentCache full:https://registry.npmjs.org/typescript set size:15522325 disposed:false
245 silly fetch manifest vite@^7.3.6
246 silly packumentCache full:https://registry.npmjs.org/vite cache-miss
247 http cache https://registry.npmjs.org/vite 99ms (cache hit)
248 silly packumentCache full:https://registry.npmjs.org/vite set size:38924120 disposed:false
249 silly fetch manifest @lucide/rollup-plugins@1.0.0
250 silly packumentCache full:https://registry.npmjs.org/@lucide%2frollup-plugins cache-miss
251 http fetch GET 200 https://registry.npmjs.org/@lucide%2frollup-plugins 819ms (cache miss)
252 silly packumentCache full:https://registry.npmjs.org/@lucide%2frollup-plugins set size:undefined disposed:false
253 silly fetch manifest @lucide/build-icons@1.1.0
254 silly packumentCache full:https://registry.npmjs.org/@lucide%2fbuild-icons cache-miss
255 http fetch GET 200 https://registry.npmjs.org/@lucide%2fbuild-icons 676ms (cache miss)
256 silly packumentCache full:https://registry.npmjs.org/@lucide%2fbuild-icons set size:undefined disposed:false
257 silly fetch manifest @lucide/shared@1.0.0
258 silly packumentCache full:https://registry.npmjs.org/@lucide%2fshared cache-miss
259 http fetch GET 404 https://registry.npmjs.org/@lucide%2fshared 279ms (cache skip)
260 silly placeDep ROOT @lucide/build-icons@1.1.0 OK for: lucide-react@1.28.0 want: 1.1.0
261 silly placeDep ROOT @lucide/rollup-plugins@1.0.0 OK for: lucide-react@1.28.0 want: 1.0.0
262 silly placeDep node_modules/.pnpm/lucide-react@1.28.0_react@19.2.8/node_modules/lucide-react @lucide/shared@ OK for: lucide-react@1.28.0 want: 1.0.0
263 silly placeDep ROOT @testing-library/jest-dom@6.9.1 OK for: lucide-react@1.28.0 want: ^6.9.1
264 silly placeDep node_modules/.pnpm/lucide-react@1.28.0_react@19.2.8/node_modules/lucide-react @testing-library/react@14.3.1 CONFLICT for: lucide-react@1.28.0 want: ^14.3.1
265 warn ERESOLVE overriding peer dependency {
265 warn ERESOLVE   code: 'ERESOLVE',
265 warn ERESOLVE   edge: {
265 warn ERESOLVE     type: 'peer',
265 warn ERESOLVE     name: 'react',
265 warn ERESOLVE     spec: '^18.0.0',
265 warn ERESOLVE     error: 'INVALID',
265 warn ERESOLVE     from: {
265 warn ERESOLVE       name: '@testing-library/react',
265 warn ERESOLVE       version: '14.3.1',
265 warn ERESOLVE       location: 'node_modules/.pnpm/lucide-react@1.28.0_react@19.2.8/node_modules/lucide-react/node_modules/@testing-library/react',
265 warn ERESOLVE       isWorkspace: false,
265 warn ERESOLVE       dependents: [Array]
265 warn ERESOLVE     }
265 warn ERESOLVE   },
265 warn ERESOLVE   dep: {
265 warn ERESOLVE     name: 'react',
265 warn ERESOLVE     version: '18.3.1',
265 warn ERESOLVE     whileInstalling: {
265 warn ERESOLVE       name: 'lucide-react',
265 warn ERESOLVE       version: '1.28.0',
265 warn ERESOLVE       path: 'C:\\Users\\franp\\menuMuestra\\node_modules\\.pnpm\\lucide-react@1.28.0_react@19.2.8\\node_modules\\lucide-react'
265 warn ERESOLVE     },
265 warn ERESOLVE     location: 'node_modules/react',
265 warn ERESOLVE     isWorkspace: false,
265 warn ERESOLVE     dependents: [ [Object] ]
265 warn ERESOLVE   },
265 warn ERESOLVE   force: false,
265 warn ERESOLVE   isMine: false,
265 warn ERESOLVE   strictPeerDeps: false,
265 warn ERESOLVE   current: {
265 warn ERESOLVE     name: 'react',
265 warn ERESOLVE     version: '19.2.8',
265 warn ERESOLVE     location: 'node_modules/.pnpm/lucide-react@1.28.0_react@19.2.8/node_modules/react',
265 warn ERESOLVE     isWorkspace: false,
265 warn ERESOLVE     dependents: [ [Object] ]
265 warn ERESOLVE   },
265 warn ERESOLVE   peerConflict: {
265 warn ERESOLVE     name: 'react',
265 warn ERESOLVE     version: '19.2.8',
265 warn ERESOLVE     location: 'node_modules/.pnpm/lucide-react@1.28.0_react@19.2.8/node_modules/react',
265 warn ERESOLVE     isWorkspace: false,
265 warn ERESOLVE     dependents: [ [Object] ]
265 warn ERESOLVE   }
265 warn ERESOLVE }
266 warn ERESOLVE overriding peer dependency {
266 warn ERESOLVE   code: 'ERESOLVE',
266 warn ERESOLVE   edge: {
266 warn ERESOLVE     type: 'peer',
266 warn ERESOLVE     name: 'react-dom',
266 warn ERESOLVE     spec: '^18.0.0',
266 warn ERESOLVE     error: 'MISSING',
266 warn ERESOLVE     from: {
266 warn ERESOLVE       name: '@testing-library/react',
266 warn ERESOLVE       version: '14.3.1',
266 warn ERESOLVE       location: 'node_modules/.pnpm/lucide-react@1.28.0_react@19.2.8/node_modules/lucide-react/node_modules/@testing-library/react',
266 warn ERESOLVE       isWorkspace: false,
266 warn ERESOLVE       dependents: [Array]
266 warn ERESOLVE     }
266 warn ERESOLVE   },
266 warn ERESOLVE   dep: {
266 warn ERESOLVE     name: 'react-dom',
266 warn ERESOLVE     version: '18.3.1',
266 warn ERESOLVE     whileInstalling: {
266 warn ERESOLVE       name: 'lucide-react',
266 warn ERESOLVE       version: '1.28.0',
266 warn ERESOLVE       path: 'C:\\Users\\franp\\menuMuestra\\node_modules\\.pnpm\\lucide-react@1.28.0_react@19.2.8\\node_modules\\lucide-react'
266 warn ERESOLVE     },
266 warn ERESOLVE     location: 'node_modules/react-dom',
266 warn ERESOLVE     isWorkspace: false,
266 warn ERESOLVE     dependents: [ [Object] ]
266 warn ERESOLVE   },
266 warn ERESOLVE   force: false,
266 warn ERESOLVE   isMine: false,
266 warn ERESOLVE   strictPeerDeps: false,
266 warn ERESOLVE   current: null,
266 warn ERESOLVE   peerConflict: null
266 warn ERESOLVE }
267 silly placeDep node_modules/.pnpm/lucide-react@1.28.0_react@19.2.8 @types/react@18.3.31 OK for: lucide-react@1.28.0 want: ^18.3.31
268 silly placeDep ROOT @vitejs/plugin-react@4.7.0 OK for: lucide-react@1.28.0 want: ^4.7.0
269 silly placeDep ROOT vite@7.3.6 OK for: @vitejs/plugin-react@4.7.0 want: ^4.2.0 || ^5.0.0 || ^6.0.0 || ^7.0.0
270 silly placeDep ROOT jest-serializer-html@7.1.0 OK for: lucide-react@1.28.0 want: ^7.1.0
271 silly placeDep node_modules/.pnpm/lucide-react@1.28.0_react@19.2.8/node_modules/lucide-react react@18.2.0 OK for: lucide-react@1.28.0 want: 18.2.0
272 silly placeDep ROOT react-dom@18.2.0 OK for: lucide-react@1.28.0 want: 18.2.0
273 silly placeDep ROOT react@18.3.1 OK for: react-dom@18.2.0 want: ^18.2.0
274 silly placeDep ROOT rollup@4.62.4 OK for: lucide-react@1.28.0 want: ^4.62.2
275 silly placeDep node_modules/.pnpm/lucide-react@1.28.0_react@19.2.8/node_modules/lucide-react rollup-plugin-dts@6.5.1 CONFLICT for: lucide-react@1.28.0 want: ^6.4.1
276 silly placeDep ROOT rollup-plugin-preserve-directives@0.4.0 OK for: lucide-react@1.28.0 want: ^0.4.0
277 silly placeDep node_modules/.pnpm/lucide-react@1.28.0_react@19.2.8 typescript@5.9.3 OK for: lucide-react@1.28.0 want: ^5.9.3
278 silly fetch manifest @lucide/helpers@^1.0.0
279 silly packumentCache full:https://registry.npmjs.org/@lucide%2fhelpers cache-miss
280 silly fetch manifest minimist@^1.2.7
281 silly packumentCache full:https://registry.npmjs.org/minimist cache-miss
282 silly fetch manifest node-fetch@^3.2.10
283 silly packumentCache full:https://registry.npmjs.org/node-fetch cache-miss
284 silly fetch manifest prettier@2.7.1
285 silly packumentCache full:https://registry.npmjs.org/prettier cache-miss
286 silly fetch manifest svgo@^3.0.0
287 silly packumentCache full:https://registry.npmjs.org/svgo cache-miss
288 silly fetch manifest svgson@^5.2.1
289 silly packumentCache full:https://registry.npmjs.org/svgson cache-miss
290 silly fetch manifest @atomico/rollup-plugin-sizes@^1.1.4
291 silly packumentCache full:https://registry.npmjs.org/@atomico%2frollup-plugin-sizes cache-miss
292 http fetch GET 200 https://registry.npmjs.org/minimist 57ms (cache miss)
293 silly packumentCache full:https://registry.npmjs.org/minimist set size:undefined disposed:false
294 silly fetch manifest @rollup/plugin-node-resolve@^15.2.3
295 silly packumentCache full:https://registry.npmjs.org/@rollup%2fplugin-node-resolve cache-miss
296 http fetch GET 200 https://registry.npmjs.org/svgo 65ms (cache miss)
297 silly packumentCache full:https://registry.npmjs.org/svgo set size:undefined disposed:false
298 silly fetch manifest @rollup/plugin-replace@^5.0.5
299 silly packumentCache full:https://registry.npmjs.org/@rollup%2fplugin-replace cache-miss
300 http fetch GET 200 https://registry.npmjs.org/prettier 78ms (cache miss)
301 silly packumentCache full:https://registry.npmjs.org/prettier set size:undefined disposed:false
302 silly fetch manifest esbuild@^0.19.11
303 silly packumentCache full:https://registry.npmjs.org/esbuild cache-miss
304 http fetch GET 200 https://registry.npmjs.org/node-fetch 90ms (cache miss)
305 silly packumentCache full:https://registry.npmjs.org/node-fetch set size:undefined disposed:false
306 silly fetch manifest rollup@^4.9.2
307 silly packumentCache full:https://registry.npmjs.org/rollup cache-miss
308 http cache https://registry.npmjs.org/rollup 21ms (cache hit)
309 silly packumentCache full:https://registry.npmjs.org/rollup set size:6278661 disposed:false
310 silly fetch manifest rollup-plugin-esbuild@^6.1.0
311 silly packumentCache full:https://registry.npmjs.org/rollup-plugin-esbuild cache-miss
312 http fetch GET 200 https://registry.npmjs.org/esbuild 110ms (cache miss)
313 silly packumentCache full:https://registry.npmjs.org/esbuild set size:undefined disposed:false
314 silly fetch manifest rollup-plugin-license@^3.2.0
315 silly packumentCache full:https://registry.npmjs.org/rollup-plugin-license cache-miss
316 http fetch GET 200 https://registry.npmjs.org/svgson 239ms (cache miss)
317 silly packumentCache full:https://registry.npmjs.org/svgson set size:undefined disposed:false
318 silly fetch manifest rollup-plugin-visualizer@^5.12.0
319 silly packumentCache full:https://registry.npmjs.org/rollup-plugin-visualizer cache-miss
320 http fetch GET 200 https://registry.npmjs.org/rollup-plugin-license 43ms (cache miss)
321 silly packumentCache full:https://registry.npmjs.org/rollup-plugin-license set size:undefined disposed:false
322 silly fetch manifest redent@^3.0.0
323 silly packumentCache full:https://registry.npmjs.org/redent cache-miss
324 http fetch GET 200 https://registry.npmjs.org/redent 38ms (cache miss)
325 silly packumentCache full:https://registry.npmjs.org/redent set size:undefined disposed:false
326 silly fetch manifest aria-query@^5.0.0
327 silly packumentCache full:https://registry.npmjs.org/aria-query cache-miss
328 http fetch GET 200 https://registry.npmjs.org/@rollup%2fplugin-replace 229ms (cache miss)
329 silly packumentCache full:https://registry.npmjs.org/@rollup%2fplugin-replace set size:undefined disposed:false
330 silly fetch manifest css.escape@^1.5.1
331 silly packumentCache full:https://registry.npmjs.org/css.escape cache-miss
332 http fetch GET 200 https://registry.npmjs.org/aria-query 36ms (cache miss)
333 silly packumentCache full:https://registry.npmjs.org/aria-query set size:undefined disposed:false
334 silly fetch manifest picocolors@^1.1.1
335 silly packumentCache full:https://registry.npmjs.org/picocolors cache-miss
336 http fetch GET 200 https://registry.npmjs.org/css.escape 38ms (cache miss)
337 silly packumentCache full:https://registry.npmjs.org/css.escape set size:undefined disposed:false
338 silly fetch manifest @adobe/css-tools@^4.4.0
339 silly packumentCache full:https://registry.npmjs.org/@adobe%2fcss-tools cache-miss
340 http fetch GET 200 https://registry.npmjs.org/picocolors 40ms (cache miss)
341 silly packumentCache full:https://registry.npmjs.org/picocolors set size:undefined disposed:false
342 silly fetch manifest dom-accessibility-api@^0.6.3
343 silly packumentCache full:https://registry.npmjs.org/dom-accessibility-api cache-miss
344 http fetch GET 200 https://registry.npmjs.org/rollup-plugin-esbuild 267ms (cache miss)
345 silly packumentCache full:https://registry.npmjs.org/rollup-plugin-esbuild set size:undefined disposed:false
346 silly fetch manifest @babel/runtime@^7.12.5
347 silly packumentCache full:https://registry.npmjs.org/@babel%2fruntime cache-miss
348 http fetch GET 200 https://registry.npmjs.org/rollup-plugin-visualizer 247ms (cache miss)
349 silly packumentCache full:https://registry.npmjs.org/rollup-plugin-visualizer set size:undefined disposed:false
350 silly fetch manifest @types/react-dom@^18.0.0
351 silly packumentCache full:https://registry.npmjs.org/@types%2freact-dom cache-miss
352 http fetch GET 200 https://registry.npmjs.org/@rollup%2fplugin-node-resolve 463ms (cache miss)
353 silly packumentCache full:https://registry.npmjs.org/@rollup%2fplugin-node-resolve set size:undefined disposed:false
354 silly fetch manifest @testing-library/dom@^9.0.0
355 silly packumentCache full:https://registry.npmjs.org/@testing-library%2fdom cache-miss
356 http fetch GET 200 https://registry.npmjs.org/@types%2freact-dom 57ms (cache miss)
357 silly packumentCache full:https://registry.npmjs.org/@types%2freact-dom set size:undefined disposed:false
358 silly fetch manifest @types/prop-types@*
359 silly packumentCache full:https://registry.npmjs.org/@types%2fprop-types cache-miss
360 http fetch GET 200 https://registry.npmjs.org/@babel%2fruntime 150ms (cache miss)
361 silly packumentCache full:https://registry.npmjs.org/@babel%2fruntime set size:undefined disposed:false
362 silly fetch manifest @babel/core@^7.28.0
363 silly packumentCache full:https://registry.npmjs.org/@babel%2fcore cache-miss
364 http fetch GET 200 https://registry.npmjs.org/@adobe%2fcss-tools 263ms (cache miss)
365 silly packumentCache full:https://registry.npmjs.org/@adobe%2fcss-tools set size:undefined disposed:false
366 silly fetch manifest react-refresh@^0.17.0
367 silly packumentCache full:https://registry.npmjs.org/react-refresh cache-miss
368 http fetch GET 200 https://registry.npmjs.org/@types%2fprop-types 53ms (cache miss)
369 silly packumentCache full:https://registry.npmjs.org/@types%2fprop-types set size:undefined disposed:false
370 silly fetch manifest @types/babel__core@^7.20.5
371 silly packumentCache full:https://registry.npmjs.org/@types%2fbabel__core cache-miss
372 http fetch GET 200 https://registry.npmjs.org/@atomico%2frollup-plugin-sizes 625ms (cache miss)
373 silly packumentCache full:https://registry.npmjs.org/@atomico%2frollup-plugin-sizes set size:undefined disposed:false
374 silly fetch manifest @rolldown/pluginutils@1.0.0-beta.27
375 silly packumentCache full:https://registry.npmjs.org/@rolldown%2fpluginutils cache-miss
376 http fetch GET 200 https://registry.npmjs.org/dom-accessibility-api 262ms (cache miss)
377 silly packumentCache full:https://registry.npmjs.org/dom-accessibility-api set size:undefined disposed:false
378 silly fetch manifest @babel/plugin-transform-react-jsx-self@^7.27.1
379 silly packumentCache full:https://registry.npmjs.org/@babel%2fplugin-transform-react-jsx-self cache-miss
380 http fetch GET 200 https://registry.npmjs.org/@babel%2fcore 62ms (cache miss)
381 silly packumentCache full:https://registry.npmjs.org/@babel%2fcore set size:undefined disposed:false
382 silly fetch manifest @babel/plugin-transform-react-jsx-source@^7.27.1
383 silly packumentCache full:https://registry.npmjs.org/@babel%2fplugin-transform-react-jsx-source cache-miss
384 http fetch GET 200 https://registry.npmjs.org/@rolldown%2fpluginutils 54ms (cache miss)
385 silly packumentCache full:https://registry.npmjs.org/@rolldown%2fpluginutils set size:undefined disposed:false
386 silly fetch manifest fdir@^6.5.0
387 silly packumentCache full:https://registry.npmjs.org/fdir cache-miss
388 http fetch GET 200 https://registry.npmjs.org/fdir 39ms (cache miss)
389 silly packumentCache full:https://registry.npmjs.org/fdir set size:undefined disposed:false
390 silly fetch manifest rollup@^4.43.0
391 silly packumentCache full:https://registry.npmjs.org/rollup cache-miss
392 http cache https://registry.npmjs.org/rollup 21ms (cache hit)
393 silly packumentCache full:https://registry.npmjs.org/rollup set size:6278661 disposed:false
394 silly fetch manifest esbuild@^0.27.0 || ^0.28.0
395 silly packumentCache full:https://registry.npmjs.org/esbuild cache-miss
396 http cache https://registry.npmjs.org/esbuild 40ms (cache hit)
397 silly packumentCache full:https://registry.npmjs.org/esbuild set size:1259608 disposed:false
398 silly fetch manifest postcss@^8.5.6
399 silly packumentCache full:https://registry.npmjs.org/postcss cache-miss
400 http fetch GET 200 https://registry.npmjs.org/@lucide%2fhelpers 841ms (cache miss)
401 silly packumentCache full:https://registry.npmjs.org/@lucide%2fhelpers set size:undefined disposed:false
402 silly fetch manifest picomatch@^4.0.3
403 silly packumentCache full:https://registry.npmjs.org/picomatch cache-miss
404 http cache https://registry.npmjs.org/postcss 24ms (cache hit)
405 silly packumentCache full:https://registry.npmjs.org/postcss set size:760024 disposed:false
406 silly fetch manifest tinyglobby@^0.2.15
407 silly packumentCache full:https://registry.npmjs.org/tinyglobby cache-miss
408 http fetch GET 200 https://registry.npmjs.org/@types%2fbabel__core 271ms (cache miss)
409 silly packumentCache full:https://registry.npmjs.org/@types%2fbabel__core set size:undefined disposed:false
410 silly fetch manifest fsevents@~2.3.3
411 silly packumentCache full:https://registry.npmjs.org/fsevents cache-miss
412 http fetch GET 200 https://registry.npmjs.org/picomatch 44ms (cache miss)
413 silly packumentCache full:https://registry.npmjs.org/picomatch set size:undefined disposed:false
414 silly fetch manifest diffable-html@^4.1.0
415 silly packumentCache full:https://registry.npmjs.org/diffable-html cache-miss
416 http fetch GET 200 https://registry.npmjs.org/react-refresh 291ms (cache miss)
417 silly packumentCache full:https://registry.npmjs.org/react-refresh set size:undefined disposed:false
418 silly fetch manifest loose-envify@^1.1.0
419 silly packumentCache full:https://registry.npmjs.org/loose-envify cache-miss
420 http fetch GET 200 https://registry.npmjs.org/tinyglobby 76ms (cache miss)
421 silly packumentCache full:https://registry.npmjs.org/tinyglobby set size:undefined disposed:false
422 silly fetch manifest scheduler@^0.23.0
423 silly packumentCache full:https://registry.npmjs.org/scheduler cache-miss
424 http fetch GET 200 https://registry.npmjs.org/fsevents 65ms (cache miss)
425 silly packumentCache full:https://registry.npmjs.org/fsevents set size:undefined disposed:false
426 silly fetch manifest loose-envify@^1.1.0
427 silly packumentCache full:https://registry.npmjs.org/loose-envify cache-miss
428 http fetch GET 200 https://registry.npmjs.org/loose-envify 33ms (cache miss)
429 silly packumentCache full:https://registry.npmjs.org/loose-envify set size:undefined disposed:false
430 silly fetch manifest @types/estree@1.0.9
431 silly packumentCache full:https://registry.npmjs.org/@types%2festree cache-miss
432 http fetch GET 200 https://registry.npmjs.org/loose-envify 29ms (cache miss)
433 silly packumentCache full:https://registry.npmjs.org/loose-envify set size:undefined disposed:false
434 silly fetch manifest fsevents@~2.3.2
435 silly packumentCache full:https://registry.npmjs.org/fsevents cache-miss
436 http cache https://registry.npmjs.org/fsevents 8ms (cache hit)
437 silly packumentCache full:https://registry.npmjs.org/fsevents set size:182472 disposed:false
438 silly fetch manifest @rollup/rollup-darwin-x64@4.62.4
439 silly packumentCache full:https://registry.npmjs.org/@rollup%2frollup-darwin-x64 cache-miss
440 http fetch GET 200 https://registry.npmjs.org/@types%2festree 47ms (cache miss)
441 silly packumentCache full:https://registry.npmjs.org/@types%2festree set size:undefined disposed:false
442 silly fetch manifest @rollup/rollup-freebsd-x64@4.62.4
443 silly packumentCache full:https://registry.npmjs.org/@rollup%2frollup-freebsd-x64 cache-miss
444 http fetch GET 200 https://registry.npmjs.org/@testing-library%2fdom 505ms (cache miss)
445 silly packumentCache full:https://registry.npmjs.org/@testing-library%2fdom set size:undefined disposed:false
446 silly fetch manifest @rollup/rollup-openbsd-x64@4.62.4
447 silly packumentCache full:https://registry.npmjs.org/@rollup%2frollup-openbsd-x64 cache-miss
448 http fetch GET 200 https://registry.npmjs.org/@rollup%2frollup-darwin-x64 62ms (cache miss)
449 silly packumentCache full:https://registry.npmjs.org/@rollup%2frollup-darwin-x64 set size:undefined disposed:false
450 silly fetch manifest @napi-rs/lzma-linux-x64-gnu@1.5.1
451 silly packumentCache full:https://registry.npmjs.org/@napi-rs%2flzma-linux-x64-gnu cache-miss
452 http fetch GET 200 https://registry.npmjs.org/@napi-rs%2flzma-linux-x64-gnu 51ms (cache miss)
453 silly packumentCache full:https://registry.npmjs.org/@napi-rs%2flzma-linux-x64-gnu set size:undefined disposed:false
454 silly fetch manifest @rollup/rollup-darwin-arm64@4.62.4
455 silly packumentCache full:https://registry.npmjs.org/@rollup%2frollup-darwin-arm64 cache-miss
456 http fetch GET 200 https://registry.npmjs.org/@babel%2fplugin-transform-react-jsx-self 477ms (cache miss)
457 silly packumentCache full:https://registry.npmjs.org/@babel%2fplugin-transform-react-jsx-self set size:undefined disposed:false
458 silly fetch manifest @rollup/rollup-android-arm64@4.62.4
459 silly packumentCache full:https://registry.npmjs.org/@rollup%2frollup-android-arm64 cache-miss
460 http fetch GET 200 https://registry.npmjs.org/scheduler 180ms (cache miss)
461 silly packumentCache full:https://registry.npmjs.org/scheduler set size:undefined disposed:false
462 silly fetch manifest @rollup/rollup-freebsd-arm64@4.62.4
463 silly packumentCache full:https://registry.npmjs.org/@rollup%2frollup-freebsd-arm64 cache-miss
464 http fetch GET 200 https://registry.npmjs.org/@babel%2fplugin-transform-react-jsx-source 501ms (cache miss)
465 silly packumentCache full:https://registry.npmjs.org/@babel%2fplugin-transform-react-jsx-source set size:undefined disposed:false
466 silly fetch manifest @rollup/rollup-linux-x64-gnu@4.62.4
467 silly packumentCache full:https://registry.npmjs.org/@rollup%2frollup-linux-x64-gnu cache-miss
468 http fetch GET 200 https://registry.npmjs.org/diffable-html 281ms (cache miss)
469 silly packumentCache full:https://registry.npmjs.org/diffable-html set size:undefined disposed:false
470 silly fetch manifest @rollup/rollup-win32-x64-gnu@4.62.4
471 silly packumentCache full:https://registry.npmjs.org/@rollup%2frollup-win32-x64-gnu cache-miss
472 http fetch GET 200 https://registry.npmjs.org/@rollup%2frollup-darwin-arm64 64ms (cache miss)
473 silly packumentCache full:https://registry.npmjs.org/@rollup%2frollup-darwin-arm64 set size:undefined disposed:false
474 silly fetch manifest @rollup/rollup-linux-x64-musl@4.62.4
475 silly packumentCache full:https://registry.npmjs.org/@rollup%2frollup-linux-x64-musl cache-miss
476 http fetch GET 200 https://registry.npmjs.org/@rollup%2frollup-win32-x64-gnu 44ms (cache miss)
477 silly packumentCache full:https://registry.npmjs.org/@rollup%2frollup-win32-x64-gnu set size:undefined disposed:false
478 silly fetch manifest @rollup/rollup-win32-x64-msvc@4.62.4
479 silly packumentCache full:https://registry.npmjs.org/@rollup%2frollup-win32-x64-msvc cache-miss
480 http fetch GET 200 https://registry.npmjs.org/@rollup%2frollup-freebsd-arm64 62ms (cache miss)
481 silly packumentCache full:https://registry.npmjs.org/@rollup%2frollup-freebsd-arm64 set size:undefined disposed:false
482 silly fetch manifest @rollup/rollup-linux-arm64-gnu@4.62.4
483 silly packumentCache full:https://registry.npmjs.org/@rollup%2frollup-linux-arm64-gnu cache-miss
484 http fetch GET 200 https://registry.npmjs.org/@rollup%2frollup-openbsd-x64 217ms (cache miss)
485 silly packumentCache full:https://registry.npmjs.org/@rollup%2frollup-openbsd-x64 set size:undefined disposed:false
486 silly fetch manifest @rollup/rollup-linux-ppc64-gnu@4.62.4
487 silly packumentCache full:https://registry.npmjs.org/@rollup%2frollup-linux-ppc64-gnu cache-miss
488 http fetch GET 200 https://registry.npmjs.org/@rollup%2frollup-freebsd-x64 241ms (cache miss)
489 silly packumentCache full:https://registry.npmjs.org/@rollup%2frollup-freebsd-x64 set size:undefined disposed:false
490 silly fetch manifest @rollup/rollup-linux-s390x-gnu@4.62.4
491 silly packumentCache full:https://registry.npmjs.org/@rollup%2frollup-linux-s390x-gnu cache-miss
492 http fetch GET 200 https://registry.npmjs.org/@rollup%2frollup-linux-ppc64-gnu 61ms (cache miss)
493 silly packumentCache full:https://registry.npmjs.org/@rollup%2frollup-linux-ppc64-gnu set size:undefined disposed:false
494 silly fetch manifest @rollup/rollup-win32-ia32-msvc@4.62.4
495 silly packumentCache full:https://registry.npmjs.org/@rollup%2frollup-win32-ia32-msvc cache-miss
496 http fetch GET 200 https://registry.npmjs.org/@rollup%2frollup-linux-s390x-gnu 59ms (cache miss)
497 silly packumentCache full:https://registry.npmjs.org/@rollup%2frollup-linux-s390x-gnu set size:undefined disposed:false
498 silly fetch manifest @rollup/rollup-android-arm-eabi@4.62.4
499 silly packumentCache full:https://registry.npmjs.org/@rollup%2frollup-android-arm-eabi cache-miss
500 http fetch GET 200 https://registry.npmjs.org/@rollup%2frollup-android-arm64 257ms (cache miss)
501 silly packumentCache full:https://registry.npmjs.org/@rollup%2frollup-android-arm64 set size:undefined disposed:false
502 silly fetch manifest @rollup/rollup-linux-arm64-musl@4.62.4
503 silly packumentCache full:https://registry.npmjs.org/@rollup%2frollup-linux-arm64-musl cache-miss
504 http fetch GET 200 https://registry.npmjs.org/@rollup%2frollup-win32-ia32-msvc 56ms (cache miss)
505 silly packumentCache full:https://registry.npmjs.org/@rollup%2frollup-win32-ia32-msvc set size:undefined disposed:false
506 silly fetch manifest @rollup/rollup-linux-ppc64-musl@4.62.4
507 silly packumentCache full:https://registry.npmjs.org/@rollup%2frollup-linux-ppc64-musl cache-miss
508 http fetch GET 200 https://registry.npmjs.org/@rollup%2frollup-linux-arm64-musl 55ms (cache miss)
509 silly packumentCache full:https://registry.npmjs.org/@rollup%2frollup-linux-arm64-musl set size:undefined disposed:false
510 silly fetch manifest @rollup/rollup-win32-arm64-msvc@4.62.4
511 silly packumentCache full:https://registry.npmjs.org/@rollup%2frollup-win32-arm64-msvc cache-miss
512 http fetch GET 200 https://registry.npmjs.org/@rollup%2frollup-linux-x64-gnu 296ms (cache miss)
513 silly packumentCache full:https://registry.npmjs.org/@rollup%2frollup-linux-x64-gnu set size:undefined disposed:false
514 silly fetch manifest @rollup/rollup-linux-loong64-gnu@4.62.4
515 silly packumentCache full:https://registry.npmjs.org/@rollup%2frollup-linux-loong64-gnu cache-miss
516 http fetch GET 200 https://registry.npmjs.org/@rollup%2frollup-linux-x64-musl 291ms (cache miss)
517 silly packumentCache full:https://registry.npmjs.org/@rollup%2frollup-linux-x64-musl set size:undefined disposed:false
518 silly fetch manifest @rollup/rollup-linux-riscv64-gnu@4.62.4
519 silly packumentCache full:https://registry.npmjs.org/@rollup%2frollup-linux-riscv64-gnu cache-miss
520 http fetch GET 200 https://registry.npmjs.org/@rollup%2frollup-win32-x64-msvc 260ms (cache miss)
521 silly packumentCache full:https://registry.npmjs.org/@rollup%2frollup-win32-x64-msvc set size:undefined disposed:false
522 silly fetch manifest @rollup/rollup-openharmony-arm64@4.62.4
523 silly packumentCache full:https://registry.npmjs.org/@rollup%2frollup-openharmony-arm64 cache-miss
524 http fetch GET 200 https://registry.npmjs.org/@rollup%2frollup-linux-loong64-gnu 43ms (cache miss)
525 silly packumentCache full:https://registry.npmjs.org/@rollup%2frollup-linux-loong64-gnu set size:undefined disposed:false
526 silly fetch manifest @rollup/rollup-linux-loong64-musl@4.62.4
527 silly packumentCache full:https://registry.npmjs.org/@rollup%2frollup-linux-loong64-musl cache-miss
528 http fetch GET 200 https://registry.npmjs.org/@rollup%2frollup-openharmony-arm64 54ms (cache miss)
529 silly packumentCache full:https://registry.npmjs.org/@rollup%2frollup-openharmony-arm64 set size:undefined disposed:false
530 silly fetch manifest @rollup/rollup-linux-riscv64-musl@4.62.4
531 silly packumentCache full:https://registry.npmjs.org/@rollup%2frollup-linux-riscv64-musl cache-miss
532 http fetch GET 200 https://registry.npmjs.org/@rollup%2frollup-linux-riscv64-gnu 64ms (cache miss)
533 silly packumentCache full:https://registry.npmjs.org/@rollup%2frollup-linux-riscv64-gnu set size:undefined disposed:false
534 silly fetch manifest @rollup/rollup-linux-arm-gnueabihf@4.62.4
535 silly packumentCache full:https://registry.npmjs.org/@rollup%2frollup-linux-arm-gnueabihf cache-miss
536 http fetch GET 200 https://registry.npmjs.org/@rollup%2frollup-linux-loong64-musl 44ms (cache miss)
537 silly packumentCache full:https://registry.npmjs.org/@rollup%2frollup-linux-loong64-musl set size:undefined disposed:false
538 silly fetch manifest @rollup/rollup-linux-arm-musleabihf@4.62.4
539 silly packumentCache full:https://registry.npmjs.org/@rollup%2frollup-linux-arm-musleabihf cache-miss
540 http fetch GET 200 https://registry.npmjs.org/@rollup%2frollup-linux-riscv64-musl 49ms (cache miss)
541 silly packumentCache full:https://registry.npmjs.org/@rollup%2frollup-linux-riscv64-musl set size:undefined disposed:false
542 silly fetch manifest magic-string@^0.30.21
543 silly packumentCache full:https://registry.npmjs.org/magic-string cache-miss
544 http fetch GET 200 https://registry.npmjs.org/@rollup%2frollup-linux-ppc64-musl 223ms (cache miss)
545 silly packumentCache full:https://registry.npmjs.org/@rollup%2frollup-linux-ppc64-musl set size:undefined disposed:false
546 silly fetch manifest convert-source-map@^2.0.0
547 silly packumentCache full:https://registry.npmjs.org/convert-source-map cache-miss
548 http fetch GET 200 https://registry.npmjs.org/@rollup%2frollup-linux-arm-musleabihf 53ms (cache miss)
549 silly packumentCache full:https://registry.npmjs.org/@rollup%2frollup-linux-arm-musleabihf set size:undefined disposed:false
550 silly fetch manifest @jridgewell/remapping@^2.3.5
551 silly packumentCache full:https://registry.npmjs.org/@jridgewell%2fremapping cache-miss
552 http fetch GET 200 https://registry.npmjs.org/magic-string 47ms (cache miss)
553 silly packumentCache full:https://registry.npmjs.org/magic-string set size:undefined disposed:false
554 silly fetch manifest @jridgewell/sourcemap-codec@^1.5.5
555 silly packumentCache full:https://registry.npmjs.org/@jridgewell%2fsourcemap-codec cache-miss
556 http fetch GET 200 https://registry.npmjs.org/convert-source-map 40ms (cache miss)
557 silly packumentCache full:https://registry.npmjs.org/convert-source-map set size:undefined disposed:false
558 silly fetch manifest @babel/code-frame@^8.0.0
559 silly packumentCache full:https://registry.npmjs.org/@babel%2fcode-frame cache-miss
560 http fetch GET 200 https://registry.npmjs.org/@rollup%2frollup-win32-arm64-msvc 228ms (cache miss)
561 silly packumentCache full:https://registry.npmjs.org/@rollup%2frollup-win32-arm64-msvc set size:undefined disposed:false
562 silly fetch manifest @rollup/pluginutils@^5.1.0
563 silly packumentCache full:https://registry.npmjs.org/@rollup%2fpluginutils cache-miss
564 http fetch GET 200 https://registry.npmjs.org/@jridgewell%2fremapping 64ms (cache miss)
565 silly packumentCache full:https://registry.npmjs.org/@jridgewell%2fremapping set size:undefined disposed:false
566 silly fetch manifest magic-string@^0.30.5
567 silly packumentCache full:https://registry.npmjs.org/magic-string cache-miss
568 http fetch GET 200 https://registry.npmjs.org/@rollup%2frollup-linux-arm64-gnu 467ms (cache miss)
569 silly packumentCache full:https://registry.npmjs.org/@rollup%2frollup-linux-arm64-gnu set size:undefined disposed:false
570 http fetch GET 200 https://registry.npmjs.org/@jridgewell%2fsourcemap-codec 57ms (cache miss)
571 silly packumentCache full:https://registry.npmjs.org/@jridgewell%2fsourcemap-codec set size:undefined disposed:false
572 http cache https://registry.npmjs.org/magic-string 21ms (cache hit)
573 silly packumentCache full:https://registry.npmjs.org/magic-string set size:336545 disposed:false
574 http fetch GET 200 https://registry.npmjs.org/@babel%2fcode-frame 67ms (cache miss)
575 silly packumentCache full:https://registry.npmjs.org/@babel%2fcode-frame set size:undefined disposed:false
576 http fetch GET 200 https://registry.npmjs.org/@rollup%2fpluginutils 65ms (cache miss)
577 silly packumentCache full:https://registry.npmjs.org/@rollup%2fpluginutils set size:undefined disposed:false
578 http fetch GET 200 https://registry.npmjs.org/@rollup%2frollup-linux-arm-gnueabihf 230ms (cache miss)
579 silly packumentCache full:https://registry.npmjs.org/@rollup%2frollup-linux-arm-gnueabihf set size:undefined disposed:false
580 http fetch GET 200 https://registry.npmjs.org/@rollup%2frollup-android-arm-eabi 636ms (cache miss)
581 silly packumentCache full:https://registry.npmjs.org/@rollup%2frollup-android-arm-eabi set size:undefined disposed:false
582 silly placeDep ROOT @types/prop-types@15.7.15 OK for: @types/react@18.3.31 want: *
583 silly placeDep ROOT csstype@3.2.3 OK for: @types/react@18.3.31 want: ^3.2.2
584 silly placeDep ROOT @lucide/helpers@1.0.0 OK for: @lucide/build-icons@1.1.0 want: ^1.0.0
585 silly placeDep ROOT minimist@1.2.8 OK for: @lucide/build-icons@1.1.0 want: ^1.2.7
586 silly placeDep ROOT node-fetch@3.3.2 OK for: @lucide/build-icons@1.1.0 want: ^3.2.10
587 silly placeDep ROOT prettier@2.7.1 OK for: @lucide/build-icons@1.1.0 want: 2.7.1
588 silly placeDep ROOT svgo@3.3.4 OK for: @lucide/build-icons@1.1.0 want: ^3.0.0
589 silly placeDep ROOT svgson@5.3.1 OK for: @lucide/build-icons@1.1.0 want: ^5.2.1
590 silly fetch manifest data-uri-to-buffer@^4.0.0
591 silly packumentCache full:https://registry.npmjs.org/data-uri-to-buffer cache-miss
592 silly fetch manifest fetch-blob@^3.1.4
593 silly packumentCache full:https://registry.npmjs.org/fetch-blob cache-miss
594 silly fetch manifest formdata-polyfill@^4.0.10
595 silly packumentCache full:https://registry.npmjs.org/formdata-polyfill cache-miss
596 silly fetch manifest sax@^1.5.0
597 silly packumentCache full:https://registry.npmjs.org/sax cache-miss
598 silly fetch manifest csso@^5.0.5
599 silly packumentCache full:https://registry.npmjs.org/csso cache-miss
600 silly fetch manifest css-tree@^2.3.1
601 silly packumentCache full:https://registry.npmjs.org/css-tree cache-miss
602 silly fetch manifest css-what@^6.1.0
603 silly packumentCache full:https://registry.npmjs.org/css-what cache-miss
604 http fetch GET 200 https://registry.npmjs.org/data-uri-to-buffer 45ms (cache miss)
605 silly packumentCache full:https://registry.npmjs.org/data-uri-to-buffer set size:undefined disposed:false
606 silly fetch manifest commander@^7.2.0
607 silly packumentCache full:https://registry.npmjs.org/commander cache-miss
608 http fetch GET 200 https://registry.npmjs.org/fetch-blob 71ms (cache miss)
609 silly packumentCache full:https://registry.npmjs.org/fetch-blob set size:undefined disposed:false
610 silly fetch manifest css-select@^5.1.0
611 silly packumentCache full:https://registry.npmjs.org/css-select cache-miss
612 http fetch GET 200 https://registry.npmjs.org/formdata-polyfill 90ms (cache miss)
613 silly packumentCache full:https://registry.npmjs.org/formdata-polyfill set size:undefined disposed:false
614 silly fetch manifest picocolors@^1.0.0
615 silly packumentCache full:https://registry.npmjs.org/picocolors cache-miss
616 http fetch GET 200 https://registry.npmjs.org/css-what 95ms (cache miss)
617 silly packumentCache full:https://registry.npmjs.org/css-what set size:undefined disposed:false
618 silly fetch manifest deep-rename-keys@^0.2.1
619 silly packumentCache full:https://registry.npmjs.org/deep-rename-keys cache-miss
620 http fetch GET 200 https://registry.npmjs.org/sax 99ms (cache miss)
621 silly packumentCache full:https://registry.npmjs.org/sax set size:undefined disposed:false
622 silly fetch manifest xml-reader@2.4.3
623 silly packumentCache full:https://registry.npmjs.org/xml-reader cache-miss
624 http fetch GET 200 https://registry.npmjs.org/csso 104ms (cache miss)
625 silly packumentCache full:https://registry.npmjs.org/csso set size:undefined disposed:false
626 http fetch GET 200 https://registry.npmjs.org/css-tree 110ms (cache miss)
627 silly packumentCache full:https://registry.npmjs.org/css-tree set size:undefined disposed:false
628 http cache https://registry.npmjs.org/picocolors 33ms (cache hit)
629 silly packumentCache full:https://registry.npmjs.org/picocolors set size:16648 disposed:false
630 http fetch GET 200 https://registry.npmjs.org/commander 85ms (cache miss)
631 silly packumentCache full:https://registry.npmjs.org/commander set size:undefined disposed:false
632 http fetch GET 200 https://registry.npmjs.org/css-select 65ms (cache miss)
633 silly packumentCache full:https://registry.npmjs.org/css-select set size:undefined disposed:false
634 http fetch GET 200 https://registry.npmjs.org/xml-reader 242ms (cache miss)
635 silly packumentCache full:https://registry.npmjs.org/xml-reader set size:undefined disposed:false
636 http fetch GET 200 https://registry.npmjs.org/deep-rename-keys 250ms (cache miss)
637 silly packumentCache full:https://registry.npmjs.org/deep-rename-keys set size:undefined disposed:false
638 silly fetch manifest rollup@1.x || 2.x
639 silly packumentCache full:https://registry.npmjs.org/rollup cache-miss
640 http cache https://registry.npmjs.org/rollup 22ms (cache hit)
641 silly packumentCache full:https://registry.npmjs.org/rollup set size:6278661 disposed:false
642 silly fetch manifest rolldown@1.x
643 silly packumentCache full:https://registry.npmjs.org/rolldown cache-miss
644 http fetch GET 200 https://registry.npmjs.org/rolldown 77ms (cache miss)
645 silly packumentCache full:https://registry.npmjs.org/rolldown set size:undefined disposed:false
646 silly placeDep ROOT @atomico/rollup-plugin-sizes@1.1.4 OK for: @lucide/rollup-plugins@1.0.0 want: ^1.1.4
647 silly placeDep ROOT @rollup/plugin-node-resolve@15.3.1 OK for: @lucide/rollup-plugins@1.0.0 want: ^15.2.3
648 silly placeDep ROOT @rollup/plugin-replace@5.0.7 OK for: @lucide/rollup-plugins@1.0.0 want: ^5.0.5
649 silly placeDep ROOT esbuild@0.19.12 OK for: @lucide/rollup-plugins@1.0.0 want: ^0.19.11
650 silly placeDep ROOT rollup-plugin-esbuild@6.2.1 OK for: @lucide/rollup-plugins@1.0.0 want: ^6.1.0
651 silly placeDep ROOT rollup-plugin-license@3.7.1 OK for: @lucide/rollup-plugins@1.0.0 want: ^3.2.0
652 silly placeDep ROOT rollup-plugin-visualizer@5.14.0 OK for: @lucide/rollup-plugins@1.0.0 want: ^5.12.0
653 silly fetch manifest simple-string-table@^1.0.0
654 silly packumentCache full:https://registry.npmjs.org/simple-string-table cache-miss
655 silly fetch manifest brotli-size@^4.0.0
656 silly packumentCache full:https://registry.npmjs.org/brotli-size cache-miss
657 silly fetch manifest gzip-size@^5.1.1
658 silly packumentCache full:https://registry.npmjs.org/gzip-size cache-miss
659 silly fetch manifest resolve@^1.22.1
660 silly packumentCache full:https://registry.npmjs.org/resolve cache-miss
661 silly fetch manifest deepmerge@^4.2.2
662 silly packumentCache full:https://registry.npmjs.org/deepmerge cache-miss
663 silly fetch manifest is-module@^1.0.0
664 silly packumentCache full:https://registry.npmjs.org/is-module cache-miss
665 silly fetch manifest @types/resolve@1.20.2
666 silly packumentCache full:https://registry.npmjs.org/@types%2fresolve cache-miss
667 http fetch GET 200 https://registry.npmjs.org/is-module 49ms (cache miss)
668 silly packumentCache full:https://registry.npmjs.org/is-module set size:undefined disposed:false
669 silly fetch manifest @rollup/pluginutils@^5.0.1
670 silly packumentCache full:https://registry.npmjs.org/@rollup%2fpluginutils cache-miss
671 http fetch GET 200 https://registry.npmjs.org/brotli-size 51ms (cache miss)
672 silly packumentCache full:https://registry.npmjs.org/brotli-size set size:undefined disposed:false
673 silly fetch manifest magic-string@^0.30.3
674 silly packumentCache full:https://registry.npmjs.org/magic-string cache-hit
675 silly fetch manifest @rollup/pluginutils@^5.0.1
676 silly packumentCache full:https://registry.npmjs.org/@rollup%2fpluginutils cache-miss
677 http fetch GET 200 https://registry.npmjs.org/deepmerge 56ms (cache miss)
678 silly packumentCache full:https://registry.npmjs.org/deepmerge set size:undefined disposed:false
679 silly fetch manifest @esbuild/aix-ppc64@0.19.12
680 silly packumentCache full:https://registry.npmjs.org/@esbuild%2faix-ppc64 cache-miss
681 http fetch GET 200 https://registry.npmjs.org/resolve 61ms (cache miss)
682 silly packumentCache full:https://registry.npmjs.org/resolve set size:undefined disposed:false
683 silly fetch manifest @esbuild/linux-arm@0.19.12
684 silly packumentCache full:https://registry.npmjs.org/@esbuild%2flinux-arm cache-miss
685 http cache https://registry.npmjs.org/@rollup%2fpluginutils 20ms (cache hit)
686 silly packumentCache full:https://registry.npmjs.org/@rollup%2fpluginutils set size:121958 disposed:false
687 silly fetch manifest @esbuild/linux-x64@0.19.12
688 silly packumentCache full:https://registry.npmjs.org/@esbuild%2flinux-x64 cache-miss
689 http cache https://registry.npmjs.org/@rollup%2fpluginutils 29ms (cache hit)
690 silly packumentCache full:https://registry.npmjs.org/@rollup%2fpluginutils set size:121958 disposed:false
691 silly packumentCache full:https://registry.npmjs.org/@rollup%2fpluginutils dispose
692 silly fetch manifest @esbuild/sunos-x64@0.19.12
693 silly packumentCache full:https://registry.npmjs.org/@esbuild%2fsunos-x64 cache-miss
694 http fetch GET 200 https://registry.npmjs.org/@esbuild%2faix-ppc64 42ms (cache miss)
695 silly packumentCache full:https://registry.npmjs.org/@esbuild%2faix-ppc64 set size:undefined disposed:false
696 silly fetch manifest @esbuild/win32-x64@0.19.12
697 silly packumentCache full:https://registry.npmjs.org/@esbuild%2fwin32-x64 cache-miss
698 http fetch GET 200 https://registry.npmjs.org/@esbuild%2flinux-arm 44ms (cache miss)
699 silly packumentCache full:https://registry.npmjs.org/@esbuild%2flinux-arm set size:undefined disposed:false
700 silly fetch manifest @esbuild/darwin-x64@0.19.12
701 silly packumentCache full:https://registry.npmjs.org/@esbuild%2fdarwin-x64 cache-miss
702 http fetch GET 200 https://registry.npmjs.org/@esbuild%2fsunos-x64 49ms (cache miss)
703 silly packumentCache full:https://registry.npmjs.org/@esbuild%2fsunos-x64 set size:undefined disposed:false
704 silly fetch manifest @esbuild/linux-ia32@0.19.12
705 silly packumentCache full:https://registry.npmjs.org/@esbuild%2flinux-ia32 cache-miss
706 http fetch GET 200 https://registry.npmjs.org/@esbuild%2fwin32-x64 46ms (cache miss)
707 silly packumentCache full:https://registry.npmjs.org/@esbuild%2fwin32-x64 set size:undefined disposed:false
708 silly fetch manifest @esbuild/netbsd-x64@0.19.12
709 silly packumentCache full:https://registry.npmjs.org/@esbuild%2fnetbsd-x64 cache-miss
710 http fetch GET 200 https://registry.npmjs.org/@esbuild%2fdarwin-x64 62ms (cache miss)
711 silly packumentCache full:https://registry.npmjs.org/@esbuild%2fdarwin-x64 set size:undefined disposed:false
712 silly fetch manifest @esbuild/win32-ia32@0.19.12
713 silly packumentCache full:https://registry.npmjs.org/@esbuild%2fwin32-ia32 cache-miss
714 http fetch GET 200 https://registry.npmjs.org/@esbuild%2flinux-ia32 65ms (cache miss)
715 silly packumentCache full:https://registry.npmjs.org/@esbuild%2flinux-ia32 set size:undefined disposed:false
716 silly fetch manifest @esbuild/android-arm@0.19.12
717 silly packumentCache full:https://registry.npmjs.org/@esbuild%2fandroid-arm cache-miss
718 http fetch GET 200 https://registry.npmjs.org/@esbuild%2fnetbsd-x64 90ms (cache miss)
719 silly packumentCache full:https://registry.npmjs.org/@esbuild%2fnetbsd-x64 set size:undefined disposed:false
720 silly fetch manifest @esbuild/android-x64@0.19.12
721 silly packumentCache full:https://registry.npmjs.org/@esbuild%2fandroid-x64 cache-miss
722 http fetch GET 200 https://registry.npmjs.org/@esbuild%2fwin32-ia32 70ms (cache miss)
723 silly packumentCache full:https://registry.npmjs.org/@esbuild%2fwin32-ia32 set size:undefined disposed:false
724 silly fetch manifest @esbuild/freebsd-x64@0.19.12
725 silly packumentCache full:https://registry.npmjs.org/@esbuild%2ffreebsd-x64 cache-miss
726 http fetch GET 200 https://registry.npmjs.org/gzip-size 252ms (cache miss)
727 silly packumentCache full:https://registry.npmjs.org/gzip-size set size:undefined disposed:false
728 silly fetch manifest @esbuild/linux-arm64@0.19.12
729 silly packumentCache full:https://registry.npmjs.org/@esbuild%2flinux-arm64 cache-miss
730 http fetch GET 200 https://registry.npmjs.org/@esbuild%2flinux-x64 182ms (cache miss)
731 silly packumentCache full:https://registry.npmjs.org/@esbuild%2flinux-x64 set size:undefined disposed:false
732 silly fetch manifest @esbuild/linux-ppc64@0.19.12
733 silly packumentCache full:https://registry.npmjs.org/@esbuild%2flinux-ppc64 cache-miss
734 http fetch GET 200 https://registry.npmjs.org/simple-string-table 272ms (cache miss)
735 silly packumentCache full:https://registry.npmjs.org/simple-string-table set size:undefined disposed:false
736 silly fetch manifest @esbuild/linux-s390x@0.19.12
737 silly packumentCache full:https://registry.npmjs.org/@esbuild%2flinux-s390x cache-miss
738 http fetch GET 200 https://registry.npmjs.org/@types%2fresolve 275ms (cache miss)
739 silly packumentCache full:https://registry.npmjs.org/@types%2fresolve set size:undefined disposed:false
740 silly fetch manifest @esbuild/openbsd-x64@0.19.12
741 silly packumentCache full:https://registry.npmjs.org/@esbuild%2fopenbsd-x64 cache-miss
742 http fetch GET 200 https://registry.npmjs.org/@esbuild%2fandroid-arm 82ms (cache miss)
743 silly packumentCache full:https://registry.npmjs.org/@esbuild%2fandroid-arm set size:undefined disposed:false
744 silly fetch manifest @esbuild/win32-arm64@0.19.12
745 silly packumentCache full:https://registry.npmjs.org/@esbuild%2fwin32-arm64 cache-miss
746 http fetch GET 200 https://registry.npmjs.org/@esbuild%2flinux-arm64 68ms (cache miss)
747 silly packumentCache full:https://registry.npmjs.org/@esbuild%2flinux-arm64 set size:undefined disposed:false
748 silly fetch manifest @esbuild/darwin-arm64@0.19.12
749 silly packumentCache full:https://registry.npmjs.org/@esbuild%2fdarwin-arm64 cache-miss
750 http fetch GET 200 https://registry.npmjs.org/@esbuild%2flinux-ppc64 66ms (cache miss)
751 silly packumentCache full:https://registry.npmjs.org/@esbuild%2flinux-ppc64 set size:undefined disposed:false
752 silly fetch manifest @esbuild/android-arm64@0.19.12
753 silly packumentCache full:https://registry.npmjs.org/@esbuild%2fandroid-arm64 cache-miss
754 http fetch GET 200 https://registry.npmjs.org/@esbuild%2fandroid-x64 91ms (cache miss)
755 silly packumentCache full:https://registry.npmjs.org/@esbuild%2fandroid-x64 set size:undefined disposed:false
756 silly fetch manifest @esbuild/freebsd-arm64@0.19.12
757 silly packumentCache full:https://registry.npmjs.org/@esbuild%2ffreebsd-arm64 cache-miss
758 http fetch GET 200 https://registry.npmjs.org/@esbuild%2flinux-s390x 75ms (cache miss)
759 silly packumentCache full:https://registry.npmjs.org/@esbuild%2flinux-s390x set size:undefined disposed:false
760 silly fetch manifest @esbuild/linux-loong64@0.19.12
761 silly packumentCache full:https://registry.npmjs.org/@esbuild%2flinux-loong64 cache-miss
762 http fetch GET 200 https://registry.npmjs.org/@esbuild%2fdarwin-arm64 48ms (cache miss)
763 silly packumentCache full:https://registry.npmjs.org/@esbuild%2fdarwin-arm64 set size:undefined disposed:false
764 silly fetch manifest @esbuild/linux-riscv64@0.19.12
765 silly packumentCache full:https://registry.npmjs.org/@esbuild%2flinux-riscv64 cache-miss
766 http fetch GET 200 https://registry.npmjs.org/@esbuild%2ffreebsd-arm64 45ms (cache miss)
767 silly packumentCache full:https://registry.npmjs.org/@esbuild%2ffreebsd-arm64 set size:undefined disposed:false
768 silly fetch manifest @esbuild/linux-mips64el@0.19.12
769 silly packumentCache full:https://registry.npmjs.org/@esbuild%2flinux-mips64el cache-miss
770 http fetch GET 200 https://registry.npmjs.org/@esbuild%2flinux-loong64 48ms (cache miss)
771 silly packumentCache full:https://registry.npmjs.org/@esbuild%2flinux-loong64 set size:undefined disposed:false
772 silly fetch manifest debug@^4.4.0
773 silly packumentCache full:https://registry.npmjs.org/debug cache-miss
774 http fetch GET 200 https://registry.npmjs.org/@esbuild%2flinux-riscv64 46ms (cache miss)
775 silly packumentCache full:https://registry.npmjs.org/@esbuild%2flinux-riscv64 set size:undefined disposed:false
776 silly fetch manifest es-module-lexer@^1.6.0
777 silly packumentCache full:https://registry.npmjs.org/es-module-lexer cache-miss
778 http fetch GET 200 https://registry.npmjs.org/debug 40ms (cache miss)
779 silly packumentCache full:https://registry.npmjs.org/debug set size:undefined disposed:false
780 silly fetch manifest get-tsconfig@^4.10.0
781 silly packumentCache full:https://registry.npmjs.org/get-tsconfig cache-miss
782 http fetch GET 200 https://registry.npmjs.org/@esbuild%2flinux-mips64el 60ms (cache miss)
783 silly packumentCache full:https://registry.npmjs.org/@esbuild%2flinux-mips64el set size:undefined disposed:false
784 silly fetch manifest unplugin-utils@^0.2.4
785 silly packumentCache full:https://registry.npmjs.org/unplugin-utils cache-miss
786 http fetch GET 200 https://registry.npmjs.org/es-module-lexer 45ms (cache miss)
787 silly packumentCache full:https://registry.npmjs.org/es-module-lexer set size:undefined disposed:false
788 silly fetch manifest commenting@^1.1.0
789 silly packumentCache full:https://registry.npmjs.org/commenting cache-miss
790 http fetch GET 200 https://registry.npmjs.org/get-tsconfig 37ms (cache miss)
791 silly packumentCache full:https://registry.npmjs.org/get-tsconfig set size:undefined disposed:false
792 silly fetch manifest fdir@^6.4.3
793 silly packumentCache full:https://registry.npmjs.org/fdir cache-miss
794 http cache https://registry.npmjs.org/fdir 9ms (cache hit)
795 silly packumentCache full:https://registry.npmjs.org/fdir set size:136182 disposed:false
796 silly fetch manifest lodash@^4.17.21
797 silly packumentCache full:https://registry.npmjs.org/lodash cache-miss
798 http fetch GET 200 https://registry.npmjs.org/@esbuild%2ffreebsd-x64 259ms (cache miss)
799 silly packumentCache full:https://registry.npmjs.org/@esbuild%2ffreebsd-x64 set size:undefined disposed:false
800 silly fetch manifest magic-string@^0.30.0
801 silly packumentCache full:https://registry.npmjs.org/magic-string cache-hit
802 silly fetch manifest moment@^2.30.1
803 silly packumentCache full:https://registry.npmjs.org/moment cache-miss
804 http fetch GET 200 https://registry.npmjs.org/lodash 54ms (cache miss)
805 silly packumentCache full:https://registry.npmjs.org/lodash set size:undefined disposed:false
806 silly fetch manifest package-name-regex@^2.0.6
807 silly packumentCache full:https://registry.npmjs.org/package-name-regex cache-miss
808 http fetch GET 200 https://registry.npmjs.org/@esbuild%2fopenbsd-x64 283ms (cache miss)
809 silly packumentCache full:https://registry.npmjs.org/@esbuild%2fopenbsd-x64 set size:undefined disposed:false
810 silly fetch manifest spdx-expression-validate@^2.0.0
811 silly packumentCache full:https://registry.npmjs.org/spdx-expression-validate cache-miss
812 http fetch GET 200 https://registry.npmjs.org/@esbuild%2fwin32-arm64 285ms (cache miss)
813 silly packumentCache full:https://registry.npmjs.org/@esbuild%2fwin32-arm64 set size:undefined disposed:false
814 silly fetch manifest spdx-satisfies@^5.0.1
815 silly packumentCache full:https://registry.npmjs.org/spdx-satisfies cache-miss
816 http fetch GET 200 https://registry.npmjs.org/moment 64ms (cache miss)
817 silly packumentCache full:https://registry.npmjs.org/moment set size:undefined disposed:false
818 silly fetch manifest open@^8.4.0
819 silly packumentCache full:https://registry.npmjs.org/open cache-miss
820 http fetch GET 200 https://registry.npmjs.org/package-name-regex 40ms (cache miss)
821 silly packumentCache full:https://registry.npmjs.org/package-name-regex set size:undefined disposed:false
822 silly fetch manifest yargs@^17.5.1
823 silly packumentCache full:https://registry.npmjs.org/yargs cache-miss
824 http fetch GET 200 https://registry.npmjs.org/open 38ms (cache miss)
825 silly packumentCache full:https://registry.npmjs.org/open set size:undefined disposed:false
826 silly fetch manifest picomatch@^4.0.2
827 silly packumentCache full:https://registry.npmjs.org/picomatch cache-miss
828 http cache https://registry.npmjs.org/picomatch 7ms (cache hit)
829 silly packumentCache full:https://registry.npmjs.org/picomatch set size:128942 disposed:false
830 silly fetch manifest source-map@^0.7.4
831 silly packumentCache full:https://registry.npmjs.org/source-map cache-miss
832 http fetch GET 200 https://registry.npmjs.org/yargs 59ms (cache miss)
833 silly packumentCache full:https://registry.npmjs.org/yargs set size:undefined disposed:false
834 http fetch GET 200 https://registry.npmjs.org/source-map 46ms (cache miss)
835 silly packumentCache full:https://registry.npmjs.org/source-map set size:undefined disposed:false
836 http fetch GET 200 https://registry.npmjs.org/unplugin-utils 249ms (cache miss)
837 silly packumentCache full:https://registry.npmjs.org/unplugin-utils set size:undefined disposed:false
838 http fetch GET 200 https://registry.npmjs.org/commenting 246ms (cache miss)
839 silly packumentCache full:https://registry.npmjs.org/commenting set size:undefined disposed:false
840 http fetch GET 200 https://registry.npmjs.org/@esbuild%2fandroid-arm64 465ms (cache miss)
841 silly packumentCache full:https://registry.npmjs.org/@esbuild%2fandroid-arm64 set size:undefined disposed:false
842 http fetch GET 200 https://registry.npmjs.org/spdx-expression-validate 238ms (cache miss)
843 silly packumentCache full:https://registry.npmjs.org/spdx-expression-validate set size:undefined disposed:false
844 http fetch GET 200 https://registry.npmjs.org/spdx-satisfies 239ms (cache miss)
845 silly packumentCache full:https://registry.npmjs.org/spdx-satisfies set size:undefined disposed:false
846 silly placeDep ROOT brotli-size@4.0.0 OK for: @atomico/rollup-plugin-sizes@1.1.4 want: ^4.0.0
847 silly placeDep ROOT gzip-size@5.1.1 OK for: @atomico/rollup-plugin-sizes@1.1.4 want: ^5.1.1
848 silly placeDep ROOT rollup@2.80.0 REPLACE for: @atomico/rollup-plugin-sizes@1.1.4 want: 1.x || 2.x
849 silly placeDep ROOT simple-string-table@1.0.0 OK for: @atomico/rollup-plugin-sizes@1.1.4 want: ^1.0.0
850 silly fetch manifest duplexer@0.1.1
851 silly packumentCache full:https://registry.npmjs.org/duplexer cache-miss
852 silly fetch manifest duplexer@^0.1.1
853 silly packumentCache full:https://registry.npmjs.org/duplexer cache-miss
854 silly fetch manifest pify@^4.0.1
855 silly packumentCache full:https://registry.npmjs.org/pify cache-miss
856 http fetch GET 200 https://registry.npmjs.org/pify 34ms (cache miss)
857 silly packumentCache full:https://registry.npmjs.org/pify set size:undefined disposed:false
858 http fetch GET 200 https://registry.npmjs.org/duplexer 236ms (cache miss)
859 silly packumentCache full:https://registry.npmjs.org/duplexer set size:undefined disposed:false
860 http fetch GET 200 https://registry.npmjs.org/duplexer 237ms (cache miss)
861 silly packumentCache full:https://registry.npmjs.org/duplexer set size:undefined disposed:false
862 silly placeDep node_modules/.pnpm/lucide-react@1.28.0_react@19.2.8 rollup@4.62.4 OK for: lucide-react@1.28.0 want: ^4.62.2
863 silly placeDep ROOT @napi-rs/lzma-linux-x64-gnu@1.5.1 OK for: rollup@4.62.4 want: 1.5.1
864 silly placeDep ROOT @rollup/rollup-android-arm-eabi@4.62.4 OK for: rollup@4.62.4 want: 4.62.4
865 silly placeDep ROOT @rollup/rollup-android-arm64@4.62.4 OK for: rollup@4.62.4 want: 4.62.4
866 silly placeDep ROOT @rollup/rollup-darwin-arm64@4.62.4 OK for: rollup@4.62.4 want: 4.62.4
867 silly placeDep ROOT @rollup/rollup-darwin-x64@4.62.4 OK for: rollup@4.62.4 want: 4.62.4
868 silly placeDep ROOT @rollup/rollup-freebsd-arm64@4.62.4 OK for: rollup@4.62.4 want: 4.62.4
869 silly placeDep ROOT @rollup/rollup-freebsd-x64@4.62.4 OK for: rollup@4.62.4 want: 4.62.4
870 silly placeDep ROOT @rollup/rollup-linux-arm-gnueabihf@4.62.4 OK for: rollup@4.62.4 want: 4.62.4
871 silly placeDep ROOT @rollup/rollup-linux-arm-musleabihf@4.62.4 OK for: rollup@4.62.4 want: 4.62.4
872 silly placeDep ROOT @rollup/rollup-linux-arm64-gnu@4.62.4 OK for: rollup@4.62.4 want: 4.62.4
873 silly placeDep ROOT @rollup/rollup-linux-arm64-musl@4.62.4 OK for: rollup@4.62.4 want: 4.62.4
874 silly placeDep ROOT @rollup/rollup-linux-loong64-gnu@4.62.4 OK for: rollup@4.62.4 want: 4.62.4
875 silly placeDep ROOT @rollup/rollup-linux-loong64-musl@4.62.4 OK for: rollup@4.62.4 want: 4.62.4
876 silly placeDep ROOT @rollup/rollup-linux-ppc64-gnu@4.62.4 OK for: rollup@4.62.4 want: 4.62.4
877 silly placeDep ROOT @rollup/rollup-linux-ppc64-musl@4.62.4 OK for: rollup@4.62.4 want: 4.62.4
878 silly placeDep ROOT @rollup/rollup-linux-riscv64-gnu@4.62.4 OK for: rollup@4.62.4 want: 4.62.4
879 silly placeDep ROOT @rollup/rollup-linux-riscv64-musl@4.62.4 OK for: rollup@4.62.4 want: 4.62.4
880 silly placeDep ROOT @rollup/rollup-linux-s390x-gnu@4.62.4 OK for: rollup@4.62.4 want: 4.62.4
881 silly placeDep ROOT @rollup/rollup-linux-x64-gnu@4.62.4 OK for: rollup@4.62.4 want: 4.62.4
882 silly placeDep ROOT @rollup/rollup-linux-x64-musl@4.62.4 OK for: rollup@4.62.4 want: 4.62.4
883 silly placeDep ROOT @rollup/rollup-openbsd-x64@4.62.4 OK for: rollup@4.62.4 want: 4.62.4
884 silly placeDep ROOT @rollup/rollup-openharmony-arm64@4.62.4 OK for: rollup@4.62.4 want: 4.62.4
885 silly placeDep ROOT @rollup/rollup-win32-arm64-msvc@4.62.4 OK for: rollup@4.62.4 want: 4.62.4
886 silly placeDep ROOT @rollup/rollup-win32-ia32-msvc@4.62.4 OK for: rollup@4.62.4 want: 4.62.4
887 silly placeDep ROOT @rollup/rollup-win32-x64-gnu@4.62.4 OK for: rollup@4.62.4 want: 4.62.4
888 silly placeDep ROOT @rollup/rollup-win32-x64-msvc@4.62.4 OK for: rollup@4.62.4 want: 4.62.4
889 silly placeDep ROOT @types/estree@1.0.9 OK for: rollup@4.62.4 want: 1.0.9
890 silly placeDep ROOT fsevents@2.3.3 OK for: rollup@4.62.4 want: ~2.3.2
891 silly placeDep node_modules/@lucide/rollup-plugins rollup@4.62.4 OK for: @lucide/rollup-plugins@1.0.0 want: ^4.9.2
892 silly fetch manifest rollup@^2.78.0||^3.0.0||^4.0.0
893 silly packumentCache full:https://registry.npmjs.org/rollup cache-miss
894 http cache https://registry.npmjs.org/rollup 15ms (cache hit)
895 silly packumentCache full:https://registry.npmjs.org/rollup set size:6278661 disposed:false
896 silly placeDep ROOT @rollup/pluginutils@5.4.0 OK for: @rollup/plugin-node-resolve@15.3.1 want: ^5.0.1
897 silly placeDep ROOT @types/resolve@1.20.2 OK for: @rollup/plugin-node-resolve@15.3.1 want: 1.20.2
898 silly placeDep ROOT deepmerge@4.3.1 OK for: @rollup/plugin-node-resolve@15.3.1 want: ^4.2.2
899 silly placeDep ROOT is-module@1.0.0 OK for: @rollup/plugin-node-resolve@15.3.1 want: ^1.0.0
900 silly placeDep ROOT resolve@1.22.12 OK for: @rollup/plugin-node-resolve@15.3.1 want: ^1.22.1
901 silly fetch manifest estree-walker@^2.0.2
902 silly packumentCache full:https://registry.npmjs.org/estree-walker cache-miss
903 silly fetch manifest es-errors@^1.3.0
904 silly packumentCache full:https://registry.npmjs.org/es-errors cache-miss
905 silly fetch manifest path-parse@^1.0.7
906 silly packumentCache full:https://registry.npmjs.org/path-parse cache-miss
907 silly fetch manifest is-core-module@^2.16.1
908 silly packumentCache full:https://registry.npmjs.org/is-core-module cache-miss
909 silly fetch manifest supports-preserve-symlinks-flag@^1.0.0
910 silly packumentCache full:https://registry.npmjs.org/supports-preserve-symlinks-flag cache-miss
911 http fetch GET 200 https://registry.npmjs.org/path-parse 44ms (cache miss)
912 silly packumentCache full:https://registry.npmjs.org/path-parse set size:undefined disposed:false
913 http fetch GET 200 https://registry.npmjs.org/estree-walker 49ms (cache miss)
914 silly packumentCache full:https://registry.npmjs.org/estree-walker set size:undefined disposed:false
915 http fetch GET 200 https://registry.npmjs.org/es-errors 51ms (cache miss)
916 silly packumentCache full:https://registry.npmjs.org/es-errors set size:undefined disposed:false
917 http fetch GET 200 https://registry.npmjs.org/is-core-module 61ms (cache miss)
918 silly packumentCache full:https://registry.npmjs.org/is-core-module set size:undefined disposed:false
919 http fetch GET 200 https://registry.npmjs.org/supports-preserve-symlinks-flag 253ms (cache miss)
920 silly packumentCache full:https://registry.npmjs.org/supports-preserve-symlinks-flag set size:undefined disposed:false
921 silly placeDep ROOT magic-string@0.30.21 OK for: @rollup/plugin-replace@5.0.7 want: ^0.30.3
922 silly placeDep ROOT estree-walker@2.0.2 OK for: @rollup/pluginutils@5.4.0 want: ^2.0.2
923 silly placeDep ROOT picomatch@4.0.5 OK for: @rollup/pluginutils@5.4.0 want: ^4.0.2
924 silly placeDep ROOT @adobe/css-tools@4.5.0 OK for: @testing-library/jest-dom@6.9.1 want: ^4.4.0
925 silly placeDep ROOT aria-query@5.3.2 OK for: @testing-library/jest-dom@6.9.1 want: ^5.0.0
926 silly placeDep ROOT css.escape@1.5.1 OK for: @testing-library/jest-dom@6.9.1 want: ^1.5.1
927 silly placeDep ROOT dom-accessibility-api@0.6.3 OK for: @testing-library/jest-dom@6.9.1 want: ^0.6.3
928 silly placeDep ROOT picocolors@1.1.1 OK for: @testing-library/jest-dom@6.9.1 want: ^1.1.1
929 silly placeDep ROOT redent@3.0.0 OK for: @testing-library/jest-dom@6.9.1 want: ^3.0.0
930 silly fetch manifest indent-string@^4.0.0
931 silly packumentCache full:https://registry.npmjs.org/indent-string cache-miss
932 silly fetch manifest strip-indent@^3.0.0
933 silly packumentCache full:https://registry.npmjs.org/strip-indent cache-miss
934 http fetch GET 200 https://registry.npmjs.org/strip-indent 31ms (cache miss)
935 silly packumentCache full:https://registry.npmjs.org/strip-indent set size:undefined disposed:false
936 http fetch GET 200 https://registry.npmjs.org/indent-string 37ms (cache miss)
937 silly packumentCache full:https://registry.npmjs.org/indent-string set size:undefined disposed:false
938 silly placeDep ROOT undici-types@8.3.0 OK for: @types/node@26.1.2 want: ~8.3.0
939 silly placeDep ROOT @babel/core@7.29.7 OK for: @vitejs/plugin-react@4.7.0 want: ^7.28.0
940 silly placeDep ROOT @babel/plugin-transform-react-jsx-self@7.29.7 OK for: @vitejs/plugin-react@4.7.0 want: ^7.27.1
941 silly placeDep ROOT @babel/plugin-transform-react-jsx-source@7.29.7 OK for: @vitejs/plugin-react@4.7.0 want: ^7.27.1
942 silly placeDep ROOT @rolldown/pluginutils@1.0.0-beta.27 OK for: @vitejs/plugin-react@4.7.0 want: 1.0.0-beta.27
943 silly placeDep ROOT @types/babel__core@7.20.5 OK for: @vitejs/plugin-react@4.7.0 want: ^7.20.5
944 silly placeDep ROOT react-refresh@0.17.0 OK for: @vitejs/plugin-react@4.7.0 want: ^0.17.0
945 silly fetch manifest debug@^4.1.0
946 silly packumentCache full:https://registry.npmjs.org/debug cache-miss
947 silly fetch manifest json5@^2.2.3
948 silly packumentCache full:https://registry.npmjs.org/json5 cache-miss
949 silly fetch manifest semver@^6.3.1
950 silly packumentCache full:https://registry.npmjs.org/semver cache-miss
951 silly fetch manifest gensync@^1.0.0-beta.2
952 silly packumentCache full:https://registry.npmjs.org/gensync cache-miss
953 silly fetch manifest @babel/types@^7.29.7
954 silly packumentCache full:https://registry.npmjs.org/@babel%2ftypes cache-miss
955 silly fetch manifest @babel/parser@^7.29.7
956 silly packumentCache full:https://registry.npmjs.org/@babel%2fparser cache-miss
957 silly fetch manifest @babel/helpers@^7.29.7
958 silly packumentCache full:https://registry.npmjs.org/@babel%2fhelpers cache-miss
959 http cache https://registry.npmjs.org/debug 12ms (cache hit)
960 silly packumentCache full:https://registry.npmjs.org/debug set size:195840 disposed:false
961 silly fetch manifest @babel/template@^7.29.7
962 silly packumentCache full:https://registry.npmjs.org/@babel%2ftemplate cache-miss
963 http fetch GET 200 https://registry.npmjs.org/json5 42ms (cache miss)
964 silly packumentCache full:https://registry.npmjs.org/json5 set size:undefined disposed:false
965 silly fetch manifest @babel/traverse@^7.29.7
966 silly packumentCache full:https://registry.npmjs.org/@babel%2ftraverse cache-miss
967 http fetch GET 200 https://registry.npmjs.org/gensync 47ms (cache miss)
968 silly packumentCache full:https://registry.npmjs.org/gensync set size:undefined disposed:false
969 silly fetch manifest @babel/generator@^7.29.7
970 silly packumentCache full:https://registry.npmjs.org/@babel%2fgenerator cache-miss
971 http fetch GET 200 https://registry.npmjs.org/semver 59ms (cache miss)
972 silly packumentCache full:https://registry.npmjs.org/semver set size:undefined disposed:false
973 silly fetch manifest @babel/code-frame@^7.29.7
974 silly packumentCache full:https://registry.npmjs.org/@babel%2fcode-frame cache-miss
975 http cache https://registry.npmjs.org/@babel%2fcode-frame 16ms (cache hit)
976 silly packumentCache full:https://registry.npmjs.org/@babel%2fcode-frame set size:206617 disposed:false
977 silly fetch manifest @babel/helper-module-transforms@^7.29.7
978 silly packumentCache full:https://registry.npmjs.org/@babel%2fhelper-module-transforms cache-miss
979 http fetch GET 200 https://registry.npmjs.org/@babel%2fhelpers 87ms (cache miss)
980 silly packumentCache full:https://registry.npmjs.org/@babel%2fhelpers set size:undefined disposed:false
981 silly fetch manifest @babel/helper-compilation-targets@^7.29.7
982 silly packumentCache full:https://registry.npmjs.org/@babel%2fhelper-compilation-targets cache-miss
983 http fetch GET 200 https://registry.npmjs.org/@babel%2ftypes 102ms (cache miss)
984 silly packumentCache full:https://registry.npmjs.org/@babel%2ftypes set size:undefined disposed:false
985 silly fetch manifest @babel/helper-plugin-utils@^7.29.7
986 silly packumentCache full:https://registry.npmjs.org/@babel%2fhelper-plugin-utils cache-miss
987 http fetch GET 200 https://registry.npmjs.org/@babel%2fparser 112ms (cache miss)
988 silly packumentCache full:https://registry.npmjs.org/@babel%2fparser set size:undefined disposed:false
989 silly fetch manifest @babel/helper-plugin-utils@^7.29.7
990 silly packumentCache full:https://registry.npmjs.org/@babel%2fhelper-plugin-utils cache-miss
991 http fetch GET 200 https://registry.npmjs.org/@babel%2fgenerator 96ms (cache miss)
992 silly packumentCache full:https://registry.npmjs.org/@babel%2fgenerator set size:undefined disposed:false
993 silly fetch manifest @babel/types@^7.20.7
994 silly packumentCache full:https://registry.npmjs.org/@babel%2ftypes cache-miss
995 http fetch GET 200 https://registry.npmjs.org/@babel%2fhelper-compilation-targets 58ms (cache miss)
996 silly packumentCache full:https://registry.npmjs.org/@babel%2fhelper-compilation-targets set size:undefined disposed:false
997 silly fetch manifest @babel/parser@^7.20.7
998 silly packumentCache full:https://registry.npmjs.org/@babel%2fparser cache-miss
999 http fetch GET 200 https://registry.npmjs.org/@babel%2fhelper-module-transforms 81ms (cache miss)
1000 silly packumentCache full:https://registry.npmjs.org/@babel%2fhelper-module-transforms set size:undefined disposed:false
1001 silly fetch manifest @types/babel__template@*
1002 silly packumentCache full:https://registry.npmjs.org/@types%2fbabel__template cache-miss
1003 http cache https://registry.npmjs.org/@babel%2ftypes 27ms (cache hit)
1004 silly packumentCache full:https://registry.npmjs.org/@babel%2ftypes set size:502938 disposed:false
1005 silly fetch manifest @types/babel__traverse@*
1006 silly packumentCache full:https://registry.npmjs.org/@types%2fbabel__traverse cache-miss
1007 http fetch GET 200 https://registry.npmjs.org/@babel%2fhelper-plugin-utils 76ms (cache miss)
1008 silly packumentCache full:https://registry.npmjs.org/@babel%2fhelper-plugin-utils set size:undefined disposed:false
1009 silly fetch manifest @types/babel__generator@*
1010 silly packumentCache full:https://registry.npmjs.org/@types%2fbabel__generator cache-miss
1011 http cache https://registry.npmjs.org/@babel%2fparser 29ms (cache hit)
1012 silly packumentCache full:https://registry.npmjs.org/@babel%2fparser set size:737961 disposed:false
1013 http fetch GET 200 https://registry.npmjs.org/@babel%2fhelper-plugin-utils 80ms (cache miss)
1014 silly packumentCache full:https://registry.npmjs.org/@babel%2fhelper-plugin-utils set size:undefined disposed:false
1015 http fetch GET 200 https://registry.npmjs.org/@types%2fbabel__template 37ms (cache miss)
1016 silly packumentCache full:https://registry.npmjs.org/@types%2fbabel__template set size:undefined disposed:false
1017 http fetch GET 200 https://registry.npmjs.org/@types%2fbabel__generator 38ms (cache miss)
1018 silly packumentCache full:https://registry.npmjs.org/@types%2fbabel__generator set size:undefined disposed:false
1019 http fetch GET 200 https://registry.npmjs.org/@babel%2ftemplate 249ms (cache miss)
1020 silly packumentCache full:https://registry.npmjs.org/@babel%2ftemplate set size:undefined disposed:false
1021 http fetch GET 200 https://registry.npmjs.org/@babel%2ftraverse 273ms (cache miss)
1022 silly packumentCache full:https://registry.npmjs.org/@babel%2ftraverse set size:undefined disposed:false
1023 http fetch GET 200 https://registry.npmjs.org/@types%2fbabel__traverse 453ms (cache miss)
1024 silly packumentCache full:https://registry.npmjs.org/@types%2fbabel__traverse set size:undefined disposed:false
1025 silly fetch manifest @babel/core@^7.0.0
1026 silly packumentCache full:https://registry.npmjs.org/@babel%2fcore cache-miss
1027 http cache https://registry.npmjs.org/@babel%2fcore 6ms (cache hit)
1028 silly packumentCache full:https://registry.npmjs.org/@babel%2fcore set size:788273 disposed:false
1029 silly placeDep ROOT @babel/code-frame@7.29.7 OK for: @babel/core@7.29.7 want: ^7.29.7
1030 silly placeDep ROOT @babel/generator@7.29.8 OK for: @babel/core@7.29.7 want: ^7.29.7
1031 silly placeDep ROOT @babel/helper-compilation-targets@7.29.7 OK for: @babel/core@7.29.7 want: ^7.29.7
1032 silly placeDep ROOT @babel/helper-module-transforms@7.29.7 OK for: @babel/core@7.29.7 want: ^7.29.7
1033 silly placeDep ROOT @babel/helpers@7.29.7 OK for: @babel/core@7.29.7 want: ^7.29.7
1034 silly placeDep ROOT @babel/parser@7.29.8 OK for: @babel/core@7.29.7 want: ^7.29.7
1035 silly placeDep ROOT @babel/template@7.29.7 OK for: @babel/core@7.29.7 want: ^7.29.7
1036 silly placeDep ROOT @babel/traverse@7.29.8 OK for: @babel/core@7.29.7 want: ^7.29.7
1037 silly placeDep ROOT @babel/types@7.29.8 OK for: @babel/core@7.29.7 want: ^7.29.7
1038 silly placeDep ROOT @jridgewell/remapping@2.3.5 OK for: @babel/core@7.29.7 want: ^2.3.5
1039 silly placeDep ROOT convert-source-map@2.0.0 OK for: @babel/core@7.29.7 want: ^2.0.0
1040 silly placeDep ROOT debug@4.4.3 OK for: @babel/core@7.29.7 want: ^4.1.0
1041 silly placeDep ROOT gensync@1.0.0-beta.2 OK for: @babel/core@7.29.7 want: ^1.0.0-beta.2
1042 silly placeDep ROOT json5@2.2.3 OK for: @babel/core@7.29.7 want: ^2.2.3
1043 silly placeDep ROOT semver@6.3.1 OK for: @babel/core@7.29.7 want: ^6.3.1
1044 silly fetch manifest js-tokens@^4.0.0
1045 silly packumentCache full:https://registry.npmjs.org/js-tokens cache-miss
1046 silly fetch manifest @babel/helper-validator-identifier@^7.29.7
1047 silly packumentCache full:https://registry.npmjs.org/@babel%2fhelper-validator-identifier cache-miss
1048 silly fetch manifest jsesc@^3.0.2
1049 silly packumentCache full:https://registry.npmjs.org/jsesc cache-miss
1050 silly fetch manifest @babel/types@^7.29.8
1051 silly packumentCache full:https://registry.npmjs.org/@babel%2ftypes cache-hit
1052 silly fetch manifest @babel/parser@^7.29.8
1053 silly packumentCache full:https://registry.npmjs.org/@babel%2fparser cache-hit
1054 silly fetch manifest @jridgewell/gen-mapping@^0.3.12
1055 silly packumentCache full:https://registry.npmjs.org/@jridgewell%2fgen-mapping cache-miss
1056 silly fetch manifest @jridgewell/trace-mapping@^0.3.28
1057 silly packumentCache full:https://registry.npmjs.org/@jridgewell%2ftrace-mapping cache-miss
1058 silly fetch manifest lru-cache@^5.1.1
1059 silly packumentCache full:https://registry.npmjs.org/lru-cache cache-miss
1060 silly fetch manifest browserslist@^4.24.0
1061 silly packumentCache full:https://registry.npmjs.org/browserslist cache-miss
1062 http fetch GET 200 https://registry.npmjs.org/js-tokens 41ms (cache miss)
1063 silly packumentCache full:https://registry.npmjs.org/js-tokens set size:undefined disposed:false
1064 silly fetch manifest @babel/compat-data@^7.29.7
1065 silly packumentCache full:https://registry.npmjs.org/@babel%2fcompat-data cache-miss
1066 http fetch GET 200 https://registry.npmjs.org/jsesc 50ms (cache miss)
1067 silly packumentCache full:https://registry.npmjs.org/jsesc set size:undefined disposed:false
1068 silly fetch manifest @babel/helper-validator-option@^7.29.7
1069 silly packumentCache full:https://registry.npmjs.org/@babel%2fhelper-validator-option cache-miss
1070 http fetch GET 200 https://registry.npmjs.org/@babel%2fhelper-validator-identifier 63ms (cache miss)
1071 silly packumentCache full:https://registry.npmjs.org/@babel%2fhelper-validator-identifier set size:undefined disposed:false
1072 silly fetch manifest @babel/helper-module-imports@^7.29.7
1073 silly packumentCache full:https://registry.npmjs.org/@babel%2fhelper-module-imports cache-miss
1074 http fetch GET 200 https://registry.npmjs.org/@jridgewell%2fgen-mapping 66ms (cache miss)
1075 silly packumentCache full:https://registry.npmjs.org/@jridgewell%2fgen-mapping set size:undefined disposed:false
1076 silly fetch manifest debug@^4.3.1
1077 silly packumentCache full:https://registry.npmjs.org/debug cache-hit
1078 silly fetch manifest @babel/helper-globals@^7.29.7
1079 silly packumentCache full:https://registry.npmjs.org/@babel%2fhelper-globals cache-miss
1080 http fetch GET 200 https://registry.npmjs.org/lru-cache 79ms (cache miss)
1081 silly packumentCache full:https://registry.npmjs.org/lru-cache set size:undefined disposed:false
1082 silly fetch manifest @babel/helper-string-parser@^7.29.7
1083 silly packumentCache full:https://registry.npmjs.org/@babel%2fhelper-string-parser cache-miss
1084 http fetch GET 200 https://registry.npmjs.org/browserslist 96ms (cache miss)
1085 silly packumentCache full:https://registry.npmjs.org/browserslist set size:undefined disposed:false
1086 silly fetch manifest @jridgewell/gen-mapping@^0.3.5
1087 silly packumentCache full:https://registry.npmjs.org/@jridgewell%2fgen-mapping cache-miss
1088 http fetch GET 200 https://registry.npmjs.org/@babel%2fhelper-validator-option 70ms (cache miss)
1089 silly packumentCache full:https://registry.npmjs.org/@babel%2fhelper-validator-option set size:undefined disposed:false
1090 silly fetch manifest @jridgewell/trace-mapping@^0.3.24
1091 silly packumentCache full:https://registry.npmjs.org/@jridgewell%2ftrace-mapping cache-miss
1092 http fetch GET 200 https://registry.npmjs.org/@babel%2fhelper-globals 58ms (cache miss)
1093 silly packumentCache full:https://registry.npmjs.org/@babel%2fhelper-globals set size:undefined disposed:false
1094 silly fetch manifest ms@^2.1.3
1095 silly packumentCache full:https://registry.npmjs.org/ms cache-miss
1096 http cache https://registry.npmjs.org/@jridgewell%2fgen-mapping 31ms (cache hit)
1097 silly packumentCache full:https://registry.npmjs.org/@jridgewell%2fgen-mapping set size:75941 disposed:false
1098 http fetch GET 200 https://registry.npmjs.org/@babel%2fcompat-data 101ms (cache miss)
1099 silly packumentCache full:https://registry.npmjs.org/@babel%2fcompat-data set size:undefined disposed:false
1100 http fetch GET 200 https://registry.npmjs.org/@babel%2fhelper-module-imports 85ms (cache miss)
1101 silly packumentCache full:https://registry.npmjs.org/@babel%2fhelper-module-imports set size:undefined disposed:false
1102 http fetch GET 200 https://registry.npmjs.org/@babel%2fhelper-string-parser 69ms (cache miss)
1103 silly packumentCache full:https://registry.npmjs.org/@babel%2fhelper-string-parser set size:undefined disposed:false
1104 http fetch GET 200 https://registry.npmjs.org/ms 259ms (cache miss)
1105 silly packumentCache full:https://registry.npmjs.org/ms set size:undefined disposed:false
1106 http fetch GET 200 https://registry.npmjs.org/@jridgewell%2ftrace-mapping 346ms (cache miss)
1107 silly packumentCache full:https://registry.npmjs.org/@jridgewell%2ftrace-mapping set size:undefined disposed:false
1108 http fetch GET 200 https://registry.npmjs.org/@jridgewell%2ftrace-mapping 473ms (cache miss)
1109 silly packumentCache full:https://registry.npmjs.org/@jridgewell%2ftrace-mapping set size:undefined disposed:false
1110 silly placeDep ROOT @babel/helper-validator-identifier@7.29.7 OK for: @babel/code-frame@7.29.7 want: ^7.29.7
1111 silly placeDep ROOT js-tokens@4.0.0 OK for: @babel/code-frame@7.29.7 want: ^4.0.0
1112 silly placeDep ROOT @jridgewell/gen-mapping@0.3.13 OK for: @babel/generator@7.29.8 want: ^0.3.12
1113 silly placeDep ROOT @jridgewell/trace-mapping@0.3.31 OK for: @babel/generator@7.29.8 want: ^0.3.28
1114 silly placeDep ROOT jsesc@3.1.0 OK for: @babel/generator@7.29.8 want: ^3.0.2
1115 silly fetch manifest @jridgewell/sourcemap-codec@^1.5.0
1116 silly packumentCache full:https://registry.npmjs.org/@jridgewell%2fsourcemap-codec cache-miss
1117 silly fetch manifest @jridgewell/resolve-uri@^3.1.0
1118 silly packumentCache full:https://registry.npmjs.org/@jridgewell%2fresolve-uri cache-miss
1119 silly fetch manifest @jridgewell/sourcemap-codec@^1.4.14
1120 silly packumentCache full:https://registry.npmjs.org/@jridgewell%2fsourcemap-codec cache-miss
1121 http cache https://registry.npmjs.org/@jridgewell%2fsourcemap-codec 7ms (cache hit)
1122 silly packumentCache full:https://registry.npmjs.org/@jridgewell%2fsourcemap-codec set size:51856 disposed:false
1123 http cache https://registry.npmjs.org/@jridgewell%2fsourcemap-codec 12ms (cache hit)
1124 silly packumentCache full:https://registry.npmjs.org/@jridgewell%2fsourcemap-codec set size:51856 disposed:false
1125 silly packumentCache full:https://registry.npmjs.org/@jridgewell%2fsourcemap-codec dispose
1126 http fetch GET 200 https://registry.npmjs.org/@jridgewell%2fresolve-uri 41ms (cache miss)
1127 silly packumentCache full:https://registry.npmjs.org/@jridgewell%2fresolve-uri set size:undefined disposed:false
1128 silly placeDep ROOT @babel/compat-data@7.29.7 OK for: @babel/helper-compilation-targets@7.29.7 want: ^7.29.7
1129 silly placeDep ROOT @babel/helper-validator-option@7.29.7 OK for: @babel/helper-compilation-targets@7.29.7 want: ^7.29.7
1130 silly placeDep ROOT browserslist@4.28.7 OK for: @babel/helper-compilation-targets@7.29.7 want: ^4.24.0
1131 silly placeDep ROOT lru-cache@5.1.1 OK for: @babel/helper-compilation-targets@7.29.7 want: ^5.1.1
1132 silly fetch manifest caniuse-lite@^1.0.30001806
1133 silly packumentCache full:https://registry.npmjs.org/caniuse-lite cache-miss
1134 silly fetch manifest node-releases@^2.0.51
1135 silly packumentCache full:https://registry.npmjs.org/node-releases cache-miss
1136 silly fetch manifest electron-to-chromium@^1.5.393
1137 silly packumentCache full:https://registry.npmjs.org/electron-to-chromium cache-miss
1138 silly fetch manifest update-browserslist-db@^1.2.3
1139 silly packumentCache full:https://registry.npmjs.org/update-browserslist-db cache-miss
1140 silly fetch manifest baseline-browser-mapping@^2.10.44
1141 silly packumentCache full:https://registry.npmjs.org/baseline-browser-mapping cache-miss
1142 silly fetch manifest yallist@^3.0.2
1143 silly packumentCache full:https://registry.npmjs.org/yallist cache-miss
1144 http fetch GET 200 https://registry.npmjs.org/yallist 39ms (cache miss)
1145 silly packumentCache full:https://registry.npmjs.org/yallist set size:undefined disposed:false
1146 http fetch GET 200 https://registry.npmjs.org/update-browserslist-db 43ms (cache miss)
1147 silly packumentCache full:https://registry.npmjs.org/update-browserslist-db set size:undefined disposed:false
1148 http fetch GET 200 https://registry.npmjs.org/node-releases 49ms (cache miss)
1149 silly packumentCache full:https://registry.npmjs.org/node-releases set size:undefined disposed:false
1150 http fetch GET 200 https://registry.npmjs.org/caniuse-lite 113ms (cache miss)
1151 silly packumentCache full:https://registry.npmjs.org/caniuse-lite set size:undefined disposed:false
1152 http fetch GET 200 https://registry.npmjs.org/electron-to-chromium 149ms (cache miss)
1153 silly packumentCache full:https://registry.npmjs.org/electron-to-chromium set size:undefined disposed:false
1154 http fetch GET 200 https://registry.npmjs.org/baseline-browser-mapping 255ms (cache miss)
1155 silly packumentCache full:https://registry.npmjs.org/baseline-browser-mapping set size:undefined disposed:false
1156 silly placeDep ROOT @babel/helper-module-imports@7.29.7 OK for: @babel/helper-module-transforms@7.29.7 want: ^7.29.7
1157 silly placeDep ROOT @babel/helper-plugin-utils@7.29.7 OK for: @babel/plugin-transform-react-jsx-self@7.29.7 want: ^7.29.7
1158 silly placeDep ROOT @babel/helper-globals@7.29.7 OK for: @babel/traverse@7.29.8 want: ^7.29.7
1159 silly placeDep ROOT @babel/helper-string-parser@7.29.7 OK for: @babel/types@7.29.8 want: ^7.29.7
1160 silly placeDep ROOT @jridgewell/sourcemap-codec@1.5.5 OK for: @jridgewell/gen-mapping@0.3.13 want: ^1.5.0
1161 silly placeDep ROOT @jridgewell/resolve-uri@3.1.2 OK for: @jridgewell/trace-mapping@0.3.31 want: ^3.1.0
1162 silly placeDep ROOT @types/babel__generator@7.27.0 OK for: @types/babel__core@7.20.5 want: *
1163 silly placeDep ROOT @types/babel__template@7.4.4 OK for: @types/babel__core@7.20.5 want: *
1164 silly placeDep ROOT @types/babel__traverse@7.28.0 OK for: @types/babel__core@7.20.5 want: *
1165 silly placeDep ROOT duplexer@0.1.1 OK for: brotli-size@4.0.0 want: 0.1.1
1166 silly fetch manifest browserslist@>= 4.21.0
1167 silly packumentCache full:https://registry.npmjs.org/browserslist cache-miss
1168 http cache https://registry.npmjs.org/browserslist 7ms (cache hit)
1169 silly packumentCache full:https://registry.npmjs.org/browserslist set size:516369 disposed:false
1170 silly placeDep ROOT baseline-browser-mapping@2.11.12 OK for: browserslist@4.28.7 want: ^2.10.44
1171 silly placeDep ROOT caniuse-lite@1.0.30001807 OK for: browserslist@4.28.7 want: ^1.0.30001806
1172 silly placeDep ROOT electron-to-chromium@1.5.402 OK for: browserslist@4.28.7 want: ^1.5.393
1173 silly placeDep ROOT node-releases@2.0.53 OK for: browserslist@4.28.7 want: ^2.0.51
1174 silly placeDep ROOT update-browserslist-db@1.2.3 OK for: browserslist@4.28.7 want: ^1.2.3
1175 silly fetch manifest escalade@^3.2.0
1176 silly packumentCache full:https://registry.npmjs.org/escalade cache-miss
1177 http fetch GET 200 https://registry.npmjs.org/escalade 34ms (cache miss)
1178 silly packumentCache full:https://registry.npmjs.org/escalade set size:undefined disposed:false
1179 silly placeDep ROOT ms@2.1.3 OK for: debug@4.4.3 want: ^2.1.3
1180 silly placeDep ROOT @esbuild/aix-ppc64@0.19.12 OK for: esbuild@0.19.12 want: 0.19.12
1181 silly placeDep ROOT @esbuild/android-arm@0.19.12 OK for: esbuild@0.19.12 want: 0.19.12
1182 silly placeDep ROOT @esbuild/android-arm64@0.19.12 OK for: esbuild@0.19.12 want: 0.19.12
1183 silly placeDep ROOT @esbuild/android-x64@0.19.12 OK for: esbuild@0.19.12 want: 0.19.12
1184 silly placeDep ROOT @esbuild/darwin-arm64@0.19.12 OK for: esbuild@0.19.12 want: 0.19.12
1185 silly placeDep ROOT @esbuild/darwin-x64@0.19.12 OK for: esbuild@0.19.12 want: 0.19.12
1186 silly placeDep ROOT @esbuild/freebsd-arm64@0.19.12 OK for: esbuild@0.19.12 want: 0.19.12
1187 silly placeDep ROOT @esbuild/freebsd-x64@0.19.12 OK for: esbuild@0.19.12 want: 0.19.12
1188 silly placeDep ROOT @esbuild/linux-arm@0.19.12 OK for: esbuild@0.19.12 want: 0.19.12
1189 silly placeDep ROOT @esbuild/linux-arm64@0.19.12 OK for: esbuild@0.19.12 want: 0.19.12
1190 silly placeDep ROOT @esbuild/linux-ia32@0.19.12 OK for: esbuild@0.19.12 want: 0.19.12
1191 silly placeDep ROOT @esbuild/linux-loong64@0.19.12 OK for: esbuild@0.19.12 want: 0.19.12
1192 silly placeDep ROOT @esbuild/linux-mips64el@0.19.12 OK for: esbuild@0.19.12 want: 0.19.12
1193 silly placeDep ROOT @esbuild/linux-ppc64@0.19.12 OK for: esbuild@0.19.12 want: 0.19.12
1194 silly placeDep ROOT @esbuild/linux-riscv64@0.19.12 OK for: esbuild@0.19.12 want: 0.19.12
1195 silly placeDep ROOT @esbuild/linux-s390x@0.19.12 OK for: esbuild@0.19.12 want: 0.19.12
1196 silly placeDep ROOT @esbuild/linux-x64@0.19.12 OK for: esbuild@0.19.12 want: 0.19.12
1197 silly placeDep ROOT @esbuild/netbsd-x64@0.19.12 OK for: esbuild@0.19.12 want: 0.19.12
1198 silly placeDep ROOT @esbuild/openbsd-x64@0.19.12 OK for: esbuild@0.19.12 want: 0.19.12
1199 silly placeDep ROOT @esbuild/sunos-x64@0.19.12 OK for: esbuild@0.19.12 want: 0.19.12
1200 silly placeDep ROOT @esbuild/win32-arm64@0.19.12 OK for: esbuild@0.19.12 want: 0.19.12
1201 silly placeDep ROOT @esbuild/win32-ia32@0.19.12 OK for: esbuild@0.19.12 want: 0.19.12
1202 silly placeDep ROOT @esbuild/win32-x64@0.19.12 OK for: esbuild@0.19.12 want: 0.19.12
1203 silly placeDep ROOT pify@4.0.1 OK for: gzip-size@5.1.1 want: ^4.0.1
1204 silly placeDep ROOT diffable-html@4.1.0 OK for: jest-serializer-html@7.1.0 want: ^4.1.0
1205 silly fetch manifest htmlparser2@^3.9.2
1206 silly packumentCache full:https://registry.npmjs.org/htmlparser2 cache-miss
1207 http fetch GET 200 https://registry.npmjs.org/htmlparser2 438ms (cache miss)
1208 silly packumentCache full:https://registry.npmjs.org/htmlparser2 set size:undefined disposed:false
1209 silly placeDep ROOT htmlparser2@3.10.1 OK for: diffable-html@4.1.0 want: ^3.9.2
1210 silly fetch manifest domutils@^1.5.1
1211 silly packumentCache full:https://registry.npmjs.org/domutils cache-miss
1212 silly fetch manifest entities@^1.1.1
1213 silly packumentCache full:https://registry.npmjs.org/entities cache-miss
1214 silly fetch manifest inherits@^2.0.1
1215 silly packumentCache full:https://registry.npmjs.org/inherits cache-miss
1216 silly fetch manifest domhandler@^2.3.0
1217 silly packumentCache full:https://registry.npmjs.org/domhandler cache-miss
1218 silly fetch manifest domelementtype@^1.3.1
1219 silly packumentCache full:https://registry.npmjs.org/domelementtype cache-miss
1220 silly fetch manifest readable-stream@^3.1.1
1221 silly packumentCache full:https://registry.npmjs.org/readable-stream cache-miss
1222 http fetch GET 200 https://registry.npmjs.org/inherits 38ms (cache miss)
1223 silly packumentCache full:https://registry.npmjs.org/inherits set size:undefined disposed:false
1224 http fetch GET 200 https://registry.npmjs.org/entities 47ms (cache miss)
1225 silly packumentCache full:https://registry.npmjs.org/entities set size:undefined disposed:false
1226 http fetch GET 200 https://registry.npmjs.org/domutils 51ms (cache miss)
1227 silly packumentCache full:https://registry.npmjs.org/domutils set size:undefined disposed:false
1228 http fetch GET 200 https://registry.npmjs.org/domelementtype 54ms (cache miss)
1229 silly packumentCache full:https://registry.npmjs.org/domelementtype set size:undefined disposed:false
1230 http fetch GET 200 https://registry.npmjs.org/domhandler 64ms (cache miss)
1231 silly packumentCache full:https://registry.npmjs.org/domhandler set size:undefined disposed:false
1232 http fetch GET 200 https://registry.npmjs.org/readable-stream 73ms (cache miss)
1233 silly packumentCache full:https://registry.npmjs.org/readable-stream set size:undefined disposed:false
1234 silly placeDep ROOT domelementtype@1.3.1 OK for: htmlparser2@3.10.1 want: ^1.3.1
1235 silly placeDep ROOT domhandler@2.4.2 OK for: htmlparser2@3.10.1 want: ^2.3.0
1236 silly placeDep ROOT domutils@1.7.0 OK for: htmlparser2@3.10.1 want: ^1.5.1
1237 silly placeDep ROOT entities@1.1.2 OK for: htmlparser2@3.10.1 want: ^1.1.1
1238 silly placeDep ROOT inherits@2.0.4 OK for: htmlparser2@3.10.1 want: ^2.0.1
1239 silly placeDep ROOT readable-stream@3.6.2 OK for: htmlparser2@3.10.1 want: ^3.1.1
1240 silly fetch manifest dom-serializer@0
1241 silly packumentCache full:https://registry.npmjs.org/dom-serializer cache-miss
1242 silly fetch manifest string_decoder@^1.1.1
1243 silly packumentCache full:https://registry.npmjs.org/string_decoder cache-miss
1244 silly fetch manifest util-deprecate@^1.0.1
1245 silly packumentCache full:https://registry.npmjs.org/util-deprecate cache-miss
1246 http fetch GET 200 https://registry.npmjs.org/util-deprecate 33ms (cache miss)
1247 silly packumentCache full:https://registry.npmjs.org/util-deprecate set size:undefined disposed:false
1248 http fetch GET 200 https://registry.npmjs.org/string_decoder 34ms (cache miss)
1249 silly packumentCache full:https://registry.npmjs.org/string_decoder set size:undefined disposed:false
1250 http fetch GET 200 https://registry.npmjs.org/dom-serializer 39ms (cache miss)
1251 silly packumentCache full:https://registry.npmjs.org/dom-serializer set size:undefined disposed:false
1252 silly placeDep ROOT dom-serializer@0.2.2 OK for: domutils@1.7.0 want: 0
1253 silly fetch manifest entities@^2.0.0
1254 silly packumentCache full:https://registry.npmjs.org/entities cache-miss
1255 silly fetch manifest domelementtype@^2.0.1
1256 silly packumentCache full:https://registry.npmjs.org/domelementtype cache-miss
1257 http cache https://registry.npmjs.org/domelementtype 11ms (cache hit)
1258 silly packumentCache full:https://registry.npmjs.org/domelementtype set size:33363 disposed:false
1259 http cache https://registry.npmjs.org/entities 13ms (cache hit)
1260 silly packumentCache full:https://registry.npmjs.org/entities set size:101550 disposed:false
1261 silly placeDep node_modules/dom-serializer domelementtype@2.3.0 OK for: dom-serializer@0.2.2 want: ^2.0.1
1262 silly placeDep node_modules/dom-serializer entities@2.2.0 OK for: dom-serializer@0.2.2 want: ^2.0.0
1263 silly placeDep ROOT yallist@3.1.1 OK for: lru-cache@5.1.1 want: ^3.0.2
1264 silly placeDep ROOT data-uri-to-buffer@4.0.1 OK for: node-fetch@3.3.2 want: ^4.0.0
1265 silly placeDep ROOT fetch-blob@3.2.0 OK for: node-fetch@3.3.2 want: ^3.1.4
1266 silly placeDep ROOT formdata-polyfill@4.0.10 OK for: node-fetch@3.3.2 want: ^4.0.10
1267 silly fetch manifest node-domexception@^1.0.0
1268 silly packumentCache full:https://registry.npmjs.org/node-domexception cache-miss
1269 silly fetch manifest web-streams-polyfill@^3.0.3
1270 silly packumentCache full:https://registry.npmjs.org/web-streams-polyfill cache-miss
1271 http fetch GET 200 https://registry.npmjs.org/web-streams-polyfill 36ms (cache miss)
1272 silly packumentCache full:https://registry.npmjs.org/web-streams-polyfill set size:undefined disposed:false
1273 http fetch GET 200 https://registry.npmjs.org/node-domexception 240ms (cache miss)
1274 silly packumentCache full:https://registry.npmjs.org/node-domexception set size:undefined disposed:false
1275 silly placeDep ROOT node-domexception@1.0.0 OK for: fetch-blob@3.2.0 want: ^1.0.0
1276 silly placeDep ROOT web-streams-polyfill@3.3.3 OK for: fetch-blob@3.2.0 want: ^3.0.3
1277 silly placeDep ROOT loose-envify@1.4.0 OK for: react@18.3.1 want: ^1.1.0
1278 silly placeDep ROOT scheduler@0.23.2 OK for: react-dom@18.2.0 want: ^0.23.0
1279 silly placeDep ROOT string_decoder@1.3.0 OK for: readable-stream@3.6.2 want: ^1.1.1
1280 silly placeDep ROOT util-deprecate@1.0.2 OK for: readable-stream@3.6.2 want: ^1.0.1
1281 silly fetch manifest safe-buffer@~5.2.0
1282 silly packumentCache full:https://registry.npmjs.org/safe-buffer cache-miss
1283 http fetch GET 200 https://registry.npmjs.org/safe-buffer 239ms (cache miss)
1284 silly packumentCache full:https://registry.npmjs.org/safe-buffer set size:undefined disposed:false
1285 silly placeDep ROOT indent-string@4.0.0 OK for: redent@3.0.0 want: ^4.0.0
1286 silly placeDep ROOT strip-indent@3.0.0 OK for: redent@3.0.0 want: ^3.0.0
1287 silly fetch manifest min-indent@^1.0.0
1288 silly packumentCache full:https://registry.npmjs.org/min-indent cache-miss
1289 http fetch GET 200 https://registry.npmjs.org/min-indent 29ms (cache miss)
1290 silly packumentCache full:https://registry.npmjs.org/min-indent set size:undefined disposed:false
1291 silly placeDep ROOT es-errors@1.3.0 OK for: resolve@1.22.12 want: ^1.3.0
1292 silly placeDep ROOT is-core-module@2.16.2 OK for: resolve@1.22.12 want: ^2.16.1
1293 silly placeDep ROOT path-parse@1.0.7 OK for: resolve@1.22.12 want: ^1.0.7
1294 silly placeDep ROOT supports-preserve-symlinks-flag@1.0.0 OK for: resolve@1.22.12 want: ^1.0.0
1295 silly fetch manifest hasown@^2.0.3
1296 silly packumentCache full:https://registry.npmjs.org/hasown cache-miss
1297 http fetch GET 200 https://registry.npmjs.org/hasown 29ms (cache miss)
1298 silly packumentCache full:https://registry.npmjs.org/hasown set size:undefined disposed:false
1299 silly placeDep ROOT hasown@2.0.4 OK for: is-core-module@2.16.2 want: ^2.0.3
1300 silly fetch manifest function-bind@^1.1.2
1301 silly packumentCache full:https://registry.npmjs.org/function-bind cache-miss
1302 http fetch GET 200 https://registry.npmjs.org/function-bind 31ms (cache miss)
1303 silly packumentCache full:https://registry.npmjs.org/function-bind set size:undefined disposed:false
1304 silly placeDep ROOT function-bind@1.1.2 OK for: hasown@2.0.4 want: ^1.1.2
1305 silly placeDep ROOT es-module-lexer@1.7.0 OK for: rollup-plugin-esbuild@6.2.1 want: ^1.6.0
1306 silly placeDep ROOT get-tsconfig@4.14.1 OK for: rollup-plugin-esbuild@6.2.1 want: ^4.10.0
1307 silly placeDep ROOT unplugin-utils@0.2.5 OK for: rollup-plugin-esbuild@6.2.1 want: ^0.2.4
1308 silly fetch manifest resolve-pkg-maps@^1.0.0
1309 silly packumentCache full:https://registry.npmjs.org/resolve-pkg-maps cache-miss
1310 silly fetch manifest pathe@^2.0.3
1311 silly packumentCache full:https://registry.npmjs.org/pathe cache-miss
1312 http fetch GET 200 https://registry.npmjs.org/resolve-pkg-maps 30ms (cache miss)
1313 silly packumentCache full:https://registry.npmjs.org/resolve-pkg-maps set size:undefined disposed:false
1314 http fetch GET 200 https://registry.npmjs.org/pathe 34ms (cache miss)
1315 silly packumentCache full:https://registry.npmjs.org/pathe set size:undefined disposed:false
1316 silly placeDep ROOT resolve-pkg-maps@1.0.0 OK for: get-tsconfig@4.14.1 want: ^1.0.0
1317 silly fetch manifest picomatch@^3 || ^4
1318 silly packumentCache full:https://registry.npmjs.org/picomatch cache-hit
1319 silly placeDep ROOT commenting@1.1.0 OK for: rollup-plugin-license@3.7.1 want: ^1.1.0
1320 silly placeDep ROOT fdir@6.5.0 OK for: rollup-plugin-license@3.7.1 want: ^6.4.3
1321 silly placeDep ROOT lodash@4.18.1 OK for: rollup-plugin-license@3.7.1 want: ^4.17.21
1322 silly placeDep ROOT moment@2.30.1 OK for: rollup-plugin-license@3.7.1 want: ^2.30.1
1323 silly placeDep ROOT package-name-regex@2.0.6 OK for: rollup-plugin-license@3.7.1 want: ^2.0.6
1324 silly placeDep ROOT spdx-expression-validate@2.0.0 OK for: rollup-plugin-license@3.7.1 want: ^2.0.0
1325 silly placeDep ROOT spdx-satisfies@5.0.1 OK for: rollup-plugin-license@3.7.1 want: ^5.0.1
1326 silly fetch manifest spdx-expression-parse@^3.0.0
1327 silly packumentCache full:https://registry.npmjs.org/spdx-expression-parse cache-miss
1328 silly fetch manifest spdx-ranges@^2.0.0
1329 silly packumentCache full:https://registry.npmjs.org/spdx-ranges cache-miss
1330 silly fetch manifest spdx-compare@^1.0.0
1331 silly packumentCache full:https://registry.npmjs.org/spdx-compare cache-miss
1332 silly fetch manifest spdx-expression-parse@^3.0.0
1333 silly packumentCache full:https://registry.npmjs.org/spdx-expression-parse cache-miss
1334 http fetch GET 200 https://registry.npmjs.org/spdx-expression-parse 33ms (cache miss)
1335 silly packumentCache full:https://registry.npmjs.org/spdx-expression-parse set size:undefined disposed:false
1336 http fetch GET 200 https://registry.npmjs.org/spdx-expression-parse 39ms (cache miss)
1337 silly packumentCache full:https://registry.npmjs.org/spdx-expression-parse set size:undefined disposed:false
1338 http fetch GET 200 https://registry.npmjs.org/spdx-compare 246ms (cache miss)
1339 silly packumentCache full:https://registry.npmjs.org/spdx-compare set size:undefined disposed:false
1340 http fetch GET 200 https://registry.npmjs.org/spdx-ranges 258ms (cache miss)
1341 silly packumentCache full:https://registry.npmjs.org/spdx-ranges set size:undefined disposed:false
1342 silly placeDep ROOT open@8.4.2 OK for: rollup-plugin-visualizer@5.14.0 want: ^8.4.0
1343 silly placeDep ROOT source-map@0.7.6 OK for: rollup-plugin-visualizer@5.14.0 want: ^0.7.4
1344 silly placeDep ROOT yargs@17.7.3 OK for: rollup-plugin-visualizer@5.14.0 want: ^17.5.1
1345 silly fetch manifest is-wsl@^2.2.0
1346 silly packumentCache full:https://registry.npmjs.org/is-wsl cache-miss
1347 silly fetch manifest is-docker@^2.1.1
1348 silly packumentCache full:https://registry.npmjs.org/is-docker cache-miss
1349 silly fetch manifest define-lazy-prop@^2.0.0
1350 silly packumentCache full:https://registry.npmjs.org/define-lazy-prop cache-miss
1351 silly fetch manifest y18n@^5.0.5
1352 silly packumentCache full:https://registry.npmjs.org/y18n cache-miss
1353 silly fetch manifest cliui@^8.0.1
1354 silly packumentCache full:https://registry.npmjs.org/cliui cache-miss
1355 silly fetch manifest escalade@^3.1.1
1356 silly packumentCache full:https://registry.npmjs.org/escalade cache-miss
1357 silly fetch manifest string-width@^4.2.3
1358 silly packumentCache full:https://registry.npmjs.org/string-width cache-miss
1359 http cache https://registry.npmjs.org/escalade 11ms (cache hit)
1360 silly packumentCache full:https://registry.npmjs.org/escalade set size:33724 disposed:false
1361 silly fetch manifest yargs-parser@^21.1.1
1362 silly packumentCache full:https://registry.npmjs.org/yargs-parser cache-miss
1363 http fetch GET 200 https://registry.npmjs.org/is-wsl 41ms (cache miss)
1364 silly packumentCache full:https://registry.npmjs.org/is-wsl set size:undefined disposed:false
1365 silly fetch manifest get-caller-file@^2.0.5
1366 silly packumentCache full:https://registry.npmjs.org/get-caller-file cache-miss
1367 http fetch GET 200 https://registry.npmjs.org/is-docker 48ms (cache miss)
1368 silly packumentCache full:https://registry.npmjs.org/is-docker set size:undefined disposed:false
1369 silly fetch manifest require-directory@^2.1.1
1370 silly packumentCache full:https://registry.npmjs.org/require-directory cache-miss
1371 http fetch GET 200 https://registry.npmjs.org/define-lazy-prop 56ms (cache miss)
1372 silly packumentCache full:https://registry.npmjs.org/define-lazy-prop set size:undefined disposed:false
1373 http fetch GET 200 https://registry.npmjs.org/cliui 61ms (cache miss)
1374 silly packumentCache full:https://registry.npmjs.org/cliui set size:undefined disposed:false
1375 http fetch GET 200 https://registry.npmjs.org/y18n 66ms (cache miss)
1376 silly packumentCache full:https://registry.npmjs.org/y18n set size:undefined disposed:false
1377 http fetch GET 200 https://registry.npmjs.org/string-width 68ms (cache miss)
1378 silly packumentCache full:https://registry.npmjs.org/string-width set size:undefined disposed:false
1379 http fetch GET 200 https://registry.npmjs.org/yargs-parser 71ms (cache miss)
1380 silly packumentCache full:https://registry.npmjs.org/yargs-parser set size:undefined disposed:false
1381 http fetch GET 200 https://registry.npmjs.org/get-caller-file 50ms (cache miss)
1382 silly packumentCache full:https://registry.npmjs.org/get-caller-file set size:undefined disposed:false
1383 http fetch GET 200 https://registry.npmjs.org/require-directory 54ms (cache miss)
1384 silly packumentCache full:https://registry.npmjs.org/require-directory set size:undefined disposed:false
1385 silly placeDep ROOT define-lazy-prop@2.0.0 OK for: open@8.4.2 want: ^2.0.0
1386 silly placeDep ROOT is-docker@2.2.1 OK for: open@8.4.2 want: ^2.1.1
1387 silly placeDep ROOT is-wsl@2.2.0 OK for: open@8.4.2 want: ^2.2.0
1388 silly placeDep ROOT spdx-expression-parse@3.0.1 OK for: spdx-expression-validate@2.0.0 want: ^3.0.0
1389 silly fetch manifest spdx-exceptions@^2.1.0
1390 silly packumentCache full:https://registry.npmjs.org/spdx-exceptions cache-miss
1391 silly fetch manifest spdx-license-ids@^3.0.0
1392 silly packumentCache full:https://registry.npmjs.org/spdx-license-ids cache-miss
1393 http fetch GET 200 https://registry.npmjs.org/spdx-exceptions 33ms (cache miss)
1394 silly packumentCache full:https://registry.npmjs.org/spdx-exceptions set size:undefined disposed:false
1395 http fetch GET 200 https://registry.npmjs.org/spdx-license-ids 241ms (cache miss)
1396 silly packumentCache full:https://registry.npmjs.org/spdx-license-ids set size:undefined disposed:false
1397 silly placeDep ROOT spdx-exceptions@2.5.0 OK for: spdx-expression-parse@3.0.1 want: ^2.1.0
1398 silly placeDep ROOT spdx-license-ids@3.0.23 OK for: spdx-expression-parse@3.0.1 want: ^3.0.0
1399 silly placeDep ROOT spdx-compare@1.0.0 OK for: spdx-satisfies@5.0.1 want: ^1.0.0
1400 silly placeDep ROOT spdx-ranges@2.1.1 OK for: spdx-satisfies@5.0.1 want: ^2.0.0
1401 silly fetch manifest array-find-index@^1.0.2
1402 silly packumentCache full:https://registry.npmjs.org/array-find-index cache-miss
1403 http fetch GET 200 https://registry.npmjs.org/array-find-index 252ms (cache miss)
1404 silly packumentCache full:https://registry.npmjs.org/array-find-index set size:undefined disposed:false
1405 silly placeDep ROOT array-find-index@1.0.2 OK for: spdx-compare@1.0.0 want: ^1.0.2
1406 silly placeDep ROOT safe-buffer@5.2.1 OK for: string_decoder@1.3.0 want: ~5.2.0
1407 silly placeDep ROOT min-indent@1.0.1 OK for: strip-indent@3.0.0 want: ^1.0.0
1408 silly placeDep ROOT commander@7.2.0 OK for: svgo@3.3.4 want: ^7.2.0
1409 silly placeDep ROOT css-select@5.2.2 OK for: svgo@3.3.4 want: ^5.1.0
1410 silly placeDep ROOT css-tree@2.3.1 OK for: svgo@3.3.4 want: ^2.3.1
1411 silly placeDep ROOT css-what@6.2.2 OK for: svgo@3.3.4 want: ^6.1.0
1412 silly placeDep ROOT csso@5.0.5 OK for: svgo@3.3.4 want: ^5.0.5
1413 silly placeDep ROOT sax@1.6.1 OK for: svgo@3.3.4 want: ^1.5.0
1414 silly fetch manifest boolbase@^1.0.0
1415 silly packumentCache full:https://registry.npmjs.org/boolbase cache-miss
1416 silly fetch manifest domutils@^3.0.1
1417 silly packumentCache full:https://registry.npmjs.org/domutils cache-miss
1418 silly fetch manifest nth-check@^2.0.1
1419 silly packumentCache full:https://registry.npmjs.org/nth-check cache-miss
1420 silly fetch manifest domhandler@^5.0.2
1421 silly packumentCache full:https://registry.npmjs.org/domhandler cache-miss
1422 silly fetch manifest mdn-data@2.0.30
1423 silly packumentCache full:https://registry.npmjs.org/mdn-data cache-miss
1424 silly fetch manifest source-map-js@^1.0.1
1425 silly packumentCache full:https://registry.npmjs.org/source-map-js cache-miss
1426 silly fetch manifest css-tree@~2.2.0
1427 silly packumentCache full:https://registry.npmjs.org/css-tree cache-miss
1428 http cache https://registry.npmjs.org/domutils 10ms (cache hit)
1429 silly packumentCache full:https://registry.npmjs.org/domutils set size:110068 disposed:false
1430 http cache https://registry.npmjs.org/css-tree 11ms (cache hit)
1431 silly packumentCache full:https://registry.npmjs.org/css-tree set size:229638 disposed:false
1432 http cache https://registry.npmjs.org/domhandler 15ms (cache hit)
1433 silly packumentCache full:https://registry.npmjs.org/domhandler set size:78187 disposed:false
1434 http fetch GET 200 https://registry.npmjs.org/nth-check 41ms (cache miss)
1435 silly packumentCache full:https://registry.npmjs.org/nth-check set size:undefined disposed:false
1436 http fetch GET 200 https://registry.npmjs.org/mdn-data 45ms (cache miss)
1437 silly packumentCache full:https://registry.npmjs.org/mdn-data set size:undefined disposed:false
1438 http fetch GET 200 https://registry.npmjs.org/source-map-js 48ms (cache miss)
1439 silly packumentCache full:https://registry.npmjs.org/source-map-js set size:undefined disposed:false
1440 http fetch GET 200 https://registry.npmjs.org/boolbase 51ms (cache miss)
1441 silly packumentCache full:https://registry.npmjs.org/boolbase set size:undefined disposed:false
1442 silly placeDep ROOT boolbase@1.0.0 OK for: css-select@5.2.2 want: ^1.0.0
1443 silly placeDep node_modules/css-select domhandler@5.0.3 OK for: css-select@5.2.2 want: ^5.0.2
1444 silly placeDep node_modules/css-select domutils@3.2.2 OK for: css-select@5.2.2 want: ^3.0.1
1445 silly placeDep ROOT nth-check@2.1.1 OK for: css-select@5.2.2 want: ^2.0.1
1446 silly fetch manifest domelementtype@^2.3.0
1447 silly packumentCache full:https://registry.npmjs.org/domelementtype cache-hit
1448 silly fetch manifest dom-serializer@^2.0.0
1449 silly packumentCache full:https://registry.npmjs.org/dom-serializer cache-miss
1450 silly fetch manifest domelementtype@^2.3.0
1451 silly packumentCache full:https://registry.npmjs.org/domelementtype cache-hit
1452 http cache https://registry.npmjs.org/dom-serializer 9ms (cache hit)
1453 silly packumentCache full:https://registry.npmjs.org/dom-serializer set size:61296 disposed:false
1454 silly placeDep ROOT mdn-data@2.0.30 OK for: css-tree@2.3.1 want: 2.0.30
1455 silly placeDep ROOT source-map-js@1.2.1 OK for: css-tree@2.3.1 want: ^1.0.1
1456 silly placeDep node_modules/csso css-tree@2.2.1 OK for: csso@5.0.5 want: ~2.2.0
1457 silly fetch manifest mdn-data@2.0.28
1458 silly packumentCache full:https://registry.npmjs.org/mdn-data cache-miss
1459 http cache https://registry.npmjs.org/mdn-data 23ms (cache hit)
1460 silly packumentCache full:https://registry.npmjs.org/mdn-data set size:181735 disposed:false
1461 silly placeDep ROOT deep-rename-keys@0.2.1 OK for: svgson@5.3.1 want: ^0.2.1
1462 silly placeDep ROOT xml-reader@2.4.3 OK for: svgson@5.3.1 want: 2.4.3
1463 silly fetch manifest kind-of@^3.0.2
1464 silly packumentCache full:https://registry.npmjs.org/kind-of cache-miss
1465 silly fetch manifest rename-keys@^1.1.2
1466 silly packumentCache full:https://registry.npmjs.org/rename-keys cache-miss
1467 silly fetch manifest eventemitter3@^2.0.0
1468 silly packumentCache full:https://registry.npmjs.org/eventemitter3 cache-miss
1469 silly fetch manifest xml-lexer@^0.2.2
1470 silly packumentCache full:https://registry.npmjs.org/xml-lexer cache-miss
1471 http fetch GET 200 https://registry.npmjs.org/eventemitter3 33ms (cache miss)
1472 silly packumentCache full:https://registry.npmjs.org/eventemitter3 set size:undefined disposed:false
1473 http fetch GET 200 https://registry.npmjs.org/kind-of 43ms (cache miss)
1474 silly packumentCache full:https://registry.npmjs.org/kind-of set size:undefined disposed:false
1475 http fetch GET 200 https://registry.npmjs.org/rename-keys 239ms (cache miss)
1476 silly packumentCache full:https://registry.npmjs.org/rename-keys set size:undefined disposed:false
1477 http fetch GET 200 https://registry.npmjs.org/xml-lexer 246ms (cache miss)
1478 silly packumentCache full:https://registry.npmjs.org/xml-lexer set size:undefined disposed:false
1479 silly placeDep ROOT kind-of@3.2.2 OK for: deep-rename-keys@0.2.1 want: ^3.0.2
1480 silly placeDep ROOT rename-keys@1.2.0 OK for: deep-rename-keys@0.2.1 want: ^1.1.2
1481 silly fetch manifest is-buffer@^1.1.5
1482 silly packumentCache full:https://registry.npmjs.org/is-buffer cache-miss
1483 http fetch GET 200 https://registry.npmjs.org/is-buffer 31ms (cache miss)
1484 silly packumentCache full:https://registry.npmjs.org/is-buffer set size:undefined disposed:false
1485 silly placeDep ROOT is-buffer@1.1.6 OK for: kind-of@3.2.2 want: ^1.1.5
1486 silly placeDep ROOT @typescript/typescript-aix-ppc64@7.0.2 OK for: typescript@7.0.2 want: 7.0.2
1487 silly placeDep ROOT @typescript/typescript-darwin-arm64@7.0.2 OK for: typescript@7.0.2 want: 7.0.2
1488 silly placeDep ROOT @typescript/typescript-darwin-x64@7.0.2 OK for: typescript@7.0.2 want: 7.0.2
1489 silly placeDep ROOT @typescript/typescript-freebsd-arm64@7.0.2 OK for: typescript@7.0.2 want: 7.0.2
1490 silly placeDep ROOT @typescript/typescript-freebsd-x64@7.0.2 OK for: typescript@7.0.2 want: 7.0.2
1491 silly placeDep ROOT @typescript/typescript-linux-arm@7.0.2 OK for: typescript@7.0.2 want: 7.0.2
1492 silly placeDep ROOT @typescript/typescript-linux-arm64@7.0.2 OK for: typescript@7.0.2 want: 7.0.2
1493 silly placeDep ROOT @typescript/typescript-linux-loong64@7.0.2 OK for: typescript@7.0.2 want: 7.0.2
1494 silly placeDep ROOT @typescript/typescript-linux-mips64el@7.0.2 OK for: typescript@7.0.2 want: 7.0.2
1495 silly placeDep ROOT @typescript/typescript-linux-ppc64@7.0.2 OK for: typescript@7.0.2 want: 7.0.2
1496 silly placeDep ROOT @typescript/typescript-linux-riscv64@7.0.2 OK for: typescript@7.0.2 want: 7.0.2
1497 silly placeDep ROOT @typescript/typescript-linux-s390x@7.0.2 OK for: typescript@7.0.2 want: 7.0.2
1498 silly placeDep ROOT @typescript/typescript-linux-x64@7.0.2 OK for: typescript@7.0.2 want: 7.0.2
1499 silly placeDep ROOT @typescript/typescript-netbsd-arm64@7.0.2 OK for: typescript@7.0.2 want: 7.0.2
1500 silly placeDep ROOT @typescript/typescript-netbsd-x64@7.0.2 OK for: typescript@7.0.2 want: 7.0.2
1501 silly placeDep ROOT @typescript/typescript-openbsd-arm64@7.0.2 OK for: typescript@7.0.2 want: 7.0.2
1502 silly placeDep ROOT @typescript/typescript-openbsd-x64@7.0.2 OK for: typescript@7.0.2 want: 7.0.2
1503 silly placeDep ROOT @typescript/typescript-sunos-x64@7.0.2 OK for: typescript@7.0.2 want: 7.0.2
1504 silly placeDep ROOT @typescript/typescript-win32-arm64@7.0.2 OK for: typescript@7.0.2 want: 7.0.2
1505 silly placeDep ROOT @typescript/typescript-win32-x64@7.0.2 OK for: typescript@7.0.2 want: 7.0.2
1506 silly placeDep ROOT pathe@2.0.3 OK for: unplugin-utils@0.2.5 want: ^2.0.3
1507 silly placeDep ROOT escalade@3.2.0 OK for: update-browserslist-db@1.2.3 want: ^3.2.0
1508 silly placeDep node_modules/vite esbuild@0.28.1 OK for: vite@7.3.6 want: ^0.27.0 || ^0.28.0
1509 silly placeDep ROOT postcss@8.5.26 OK for: vite@7.3.6 want: ^8.5.6
1510 silly placeDep node_modules/vite rollup@4.62.4 OK for: vite@7.3.6 want: ^4.43.0
1511 silly placeDep ROOT tinyglobby@0.2.17 OK for: vite@7.3.6 want: ^0.2.15
1512 silly fetch manifest @esbuild/aix-ppc64@0.28.1
1513 silly packumentCache full:https://registry.npmjs.org/@esbuild%2faix-ppc64 cache-miss
1514 silly fetch manifest @esbuild/android-arm@0.28.1
1515 silly packumentCache full:https://registry.npmjs.org/@esbuild%2fandroid-arm cache-miss
1516 silly fetch manifest @esbuild/android-arm64@0.28.1
1517 silly packumentCache full:https://registry.npmjs.org/@esbuild%2fandroid-arm64 cache-miss
1518 silly fetch manifest @esbuild/android-x64@0.28.1
1519 silly packumentCache full:https://registry.npmjs.org/@esbuild%2fandroid-x64 cache-miss
1520 silly fetch manifest @esbuild/darwin-arm64@0.28.1
1521 silly packumentCache full:https://registry.npmjs.org/@esbuild%2fdarwin-arm64 cache-miss
1522 silly fetch manifest @esbuild/darwin-x64@0.28.1
1523 silly packumentCache full:https://registry.npmjs.org/@esbuild%2fdarwin-x64 cache-miss
1524 silly fetch manifest @esbuild/freebsd-arm64@0.28.1
1525 silly packumentCache full:https://registry.npmjs.org/@esbuild%2ffreebsd-arm64 cache-miss
1526 http cache https://registry.npmjs.org/@esbuild%2faix-ppc64 12ms (cache hit)
1527 silly packumentCache full:https://registry.npmjs.org/@esbuild%2faix-ppc64 set size:65972 disposed:false
1528 silly fetch manifest @esbuild/freebsd-x64@0.28.1
1529 silly packumentCache full:https://registry.npmjs.org/@esbuild%2ffreebsd-x64 cache-miss
1530 http cache https://registry.npmjs.org/@esbuild%2fandroid-arm64 16ms (cache hit)
1531 silly packumentCache full:https://registry.npmjs.org/@esbuild%2fandroid-arm64 set size:202366 disposed:false
1532 silly fetch manifest @esbuild/linux-arm@0.28.1
1533 silly packumentCache full:https://registry.npmjs.org/@esbuild%2flinux-arm cache-miss
1534 http cache https://registry.npmjs.org/@esbuild%2fandroid-x64 19ms (cache hit)
1535 silly packumentCache full:https://registry.npmjs.org/@esbuild%2fandroid-x64 set size:197200 disposed:false
1536 silly fetch manifest @esbuild/linux-arm64@0.28.1
1537 silly packumentCache full:https://registry.npmjs.org/@esbuild%2flinux-arm64 cache-miss
1538 http cache https://registry.npmjs.org/@esbuild%2fandroid-arm 23ms (cache hit)
1539 silly packumentCache full:https://registry.npmjs.org/@esbuild%2fandroid-arm set size:223400 disposed:false
1540 silly fetch manifest @esbuild/linux-ia32@0.28.1
1541 silly packumentCache full:https://registry.npmjs.org/@esbuild%2flinux-ia32 cache-miss
1542 http cache https://registry.npmjs.org/@esbuild%2ffreebsd-arm64 24ms (cache hit)
1543 silly packumentCache full:https://registry.npmjs.org/@esbuild%2ffreebsd-arm64 set size:200534 disposed:false
1544 silly fetch manifest @esbuild/linux-loong64@0.28.1
1545 silly packumentCache full:https://registry.npmjs.org/@esbuild%2flinux-loong64 cache-miss
1546 http cache https://registry.npmjs.org/@esbuild%2fdarwin-arm64 25ms (cache hit)
1547 silly packumentCache full:https://registry.npmjs.org/@esbuild%2fdarwin-arm64 set size:199630 disposed:false
1548 silly fetch manifest @esbuild/linux-mips64el@0.28.1
1549 silly packumentCache full:https://registry.npmjs.org/@esbuild%2flinux-mips64el cache-miss
1550 http cache https://registry.npmjs.org/@esbuild%2fdarwin-x64 28ms (cache hit)
1551 silly packumentCache full:https://registry.npmjs.org/@esbuild%2fdarwin-x64 set size:197848 disposed:false
1552 silly fetch manifest @esbuild/linux-ppc64@0.28.1
1553 silly packumentCache full:https://registry.npmjs.org/@esbuild%2flinux-ppc64 cache-miss
1554 http cache https://registry.npmjs.org/@esbuild%2ffreebsd-x64 27ms (cache hit)
1555 silly packumentCache full:https://registry.npmjs.org/@esbuild%2ffreebsd-x64 set size:198734 disposed:false
1556 silly fetch manifest @esbuild/linux-riscv64@0.28.1
1557 silly packumentCache full:https://registry.npmjs.org/@esbuild%2flinux-riscv64 cache-miss
1558 http cache https://registry.npmjs.org/@esbuild%2flinux-arm 38ms (cache hit)
1559 silly packumentCache full:https://registry.npmjs.org/@esbuild%2flinux-arm set size:196784 disposed:false
1560 silly fetch manifest @esbuild/linux-s390x@0.28.1
1561 silly packumentCache full:https://registry.npmjs.org/@esbuild%2flinux-s390x cache-miss
1562 http cache https://registry.npmjs.org/@esbuild%2flinux-ia32 35ms (cache hit)
1563 silly packumentCache full:https://registry.npmjs.org/@esbuild%2flinux-ia32 set size:197805 disposed:false
1564 silly fetch manifest @esbuild/linux-x64@0.28.1
1565 silly packumentCache full:https://registry.npmjs.org/@esbuild%2flinux-x64 cache-miss
1566 http cache https://registry.npmjs.org/@esbuild%2flinux-arm64 40ms (cache hit)
1567 silly packumentCache full:https://registry.npmjs.org/@esbuild%2flinux-arm64 set size:198939 disposed:false
1568 silly fetch manifest @esbuild/netbsd-arm64@0.28.1
1569 silly packumentCache full:https://registry.npmjs.org/@esbuild%2fnetbsd-arm64 cache-miss
1570 http cache https://registry.npmjs.org/@esbuild%2flinux-loong64 38ms (cache hit)
1571 silly packumentCache full:https://registry.npmjs.org/@esbuild%2flinux-loong64 set size:253896 disposed:false
1572 silly fetch manifest @esbuild/netbsd-x64@0.28.1
1573 silly packumentCache full:https://registry.npmjs.org/@esbuild%2fnetbsd-x64 cache-miss
1574 http cache https://registry.npmjs.org/@esbuild%2flinux-mips64el 39ms (cache hit)
1575 silly packumentCache full:https://registry.npmjs.org/@esbuild%2flinux-mips64el set size:202764 disposed:false
1576 silly fetch manifest @esbuild/openbsd-arm64@0.28.1
1577 silly packumentCache full:https://registry.npmjs.org/@esbuild%2fopenbsd-arm64 cache-miss
1578 http cache https://registry.npmjs.org/@esbuild%2flinux-ppc64 39ms (cache hit)
1579 silly packumentCache full:https://registry.npmjs.org/@esbuild%2flinux-ppc64 set size:200994 disposed:false
1580 silly fetch manifest @esbuild/openbsd-x64@0.28.1
1581 silly packumentCache full:https://registry.npmjs.org/@esbuild%2fopenbsd-x64 cache-miss
1582 http cache https://registry.npmjs.org/@esbuild%2flinux-riscv64 33ms (cache hit)
1583 silly packumentCache full:https://registry.npmjs.org/@esbuild%2flinux-riscv64 set size:200662 disposed:false
1584 silly fetch manifest @esbuild/openharmony-arm64@0.28.1
1585 silly packumentCache full:https://registry.npmjs.org/@esbuild%2fopenharmony-arm64 cache-miss
1586 http cache https://registry.npmjs.org/@esbuild%2flinux-s390x 32ms (cache hit)
1587 silly packumentCache full:https://registry.npmjs.org/@esbuild%2flinux-s390x set size:200463 disposed:false
1588 silly fetch manifest @esbuild/sunos-x64@0.28.1
1589 silly packumentCache full:https://registry.npmjs.org/@esbuild%2fsunos-x64 cache-miss
1590 http cache https://registry.npmjs.org/@esbuild%2flinux-x64 32ms (cache hit)
1591 silly packumentCache full:https://registry.npmjs.org/@esbuild%2flinux-x64 set size:197126 disposed:false
1592 silly fetch manifest @esbuild/win32-arm64@0.28.1
1593 silly packumentCache full:https://registry.npmjs.org/@esbuild%2fwin32-arm64 cache-miss
1594 http cache https://registry.npmjs.org/@esbuild%2fopenbsd-x64 23ms (cache hit)
1595 silly packumentCache full:https://registry.npmjs.org/@esbuild%2fopenbsd-x64 set size:198745 disposed:false
1596 silly fetch manifest @esbuild/win32-ia32@0.28.1
1597 silly packumentCache full:https://registry.npmjs.org/@esbuild%2fwin32-ia32 cache-miss
1598 http cache https://registry.npmjs.org/@esbuild%2fnetbsd-x64 30ms (cache hit)
1599 silly packumentCache full:https://registry.npmjs.org/@esbuild%2fnetbsd-x64 set size:195514 disposed:false
1600 silly fetch manifest @esbuild/win32-x64@0.28.1
1601 silly packumentCache full:https://registry.npmjs.org/@esbuild%2fwin32-x64 cache-miss
1602 http cache https://registry.npmjs.org/@esbuild%2fsunos-x64 15ms (cache hit)
1603 silly packumentCache full:https://registry.npmjs.org/@esbuild%2fsunos-x64 set size:197370 disposed:false
1604 silly fetch manifest nanoid@^3.3.17
1605 silly packumentCache full:https://registry.npmjs.org/nanoid cache-miss
1606 http cache https://registry.npmjs.org/@esbuild%2fwin32-arm64 18ms (cache hit)
1607 silly packumentCache full:https://registry.npmjs.org/@esbuild%2fwin32-arm64 set size:199171 disposed:false
1608 http cache https://registry.npmjs.org/@esbuild%2fwin32-ia32 17ms (cache hit)
1609 silly packumentCache full:https://registry.npmjs.org/@esbuild%2fwin32-ia32 set size:198030 disposed:false
1610 http fetch GET 200 https://registry.npmjs.org/@esbuild%2fnetbsd-arm64 52ms (cache miss)
1611 silly packumentCache full:https://registry.npmjs.org/@esbuild%2fnetbsd-arm64 set size:undefined disposed:false
1612 http cache https://registry.npmjs.org/@esbuild%2fwin32-x64 17ms (cache hit)
1613 silly packumentCache full:https://registry.npmjs.org/@esbuild%2fwin32-x64 set size:195722 disposed:false
1614 http fetch GET 200 https://registry.npmjs.org/@esbuild%2fopenbsd-arm64 53ms (cache miss)
1615 silly packumentCache full:https://registry.npmjs.org/@esbuild%2fopenbsd-arm64 set size:undefined disposed:false
1616 http fetch GET 200 https://registry.npmjs.org/nanoid 59ms (cache miss)
1617 silly packumentCache full:https://registry.npmjs.org/nanoid set size:undefined disposed:false
1618 http fetch GET 200 https://registry.npmjs.org/@esbuild%2fopenharmony-arm64 249ms (cache miss)
1619 silly packumentCache full:https://registry.npmjs.org/@esbuild%2fopenharmony-arm64 set size:undefined disposed:false
1620 silly placeDep ROOT nanoid@3.3.17 OK for: postcss@8.5.26 want: ^3.3.17
1621 silly placeDep ROOT eventemitter3@2.0.3 OK for: xml-reader@2.4.3 want: ^2.0.0
1622 silly placeDep ROOT xml-lexer@0.2.2 OK for: xml-reader@2.4.3 want: ^0.2.2
1623 silly placeDep ROOT cliui@8.0.1 OK for: yargs@17.7.3 want: ^8.0.1
1624 silly placeDep ROOT get-caller-file@2.0.5 OK for: yargs@17.7.3 want: ^2.0.5
1625 silly placeDep ROOT require-directory@2.1.1 OK for: yargs@17.7.3 want: ^2.1.1
1626 silly placeDep ROOT string-width@4.2.3 OK for: yargs@17.7.3 want: ^4.2.3
1627 silly placeDep ROOT y18n@5.0.8 OK for: yargs@17.7.3 want: ^5.0.5
1628 silly placeDep ROOT yargs-parser@21.1.1 OK for: yargs@17.7.3 want: ^21.1.1
1629 silly fetch manifest wrap-ansi@^7.0.0
1630 silly packumentCache full:https://registry.npmjs.org/wrap-ansi cache-miss
1631 silly fetch manifest strip-ansi@^6.0.1
1632 silly packumentCache full:https://registry.npmjs.org/strip-ansi cache-miss
1633 silly fetch manifest string-width@^4.2.0
1634 silly packumentCache full:https://registry.npmjs.org/string-width cache-miss
1635 silly fetch manifest strip-ansi@^6.0.1
1636 silly packumentCache full:https://registry.npmjs.org/strip-ansi cache-miss
1637 silly fetch manifest emoji-regex@^8.0.0
1638 silly packumentCache full:https://registry.npmjs.org/emoji-regex cache-miss
1639 silly fetch manifest is-fullwidth-code-point@^3.0.0
1640 silly packumentCache full:https://registry.npmjs.org/is-fullwidth-code-point cache-miss
1641 http cache https://registry.npmjs.org/string-width 13ms (cache hit)
1642 silly packumentCache full:https://registry.npmjs.org/string-width set size:72458 disposed:false
1643 http fetch GET 200 https://registry.npmjs.org/wrap-ansi 42ms (cache miss)
1644 silly packumentCache full:https://registry.npmjs.org/wrap-ansi set size:undefined disposed:false
1645 http fetch GET 200 https://registry.npmjs.org/strip-ansi 45ms (cache miss)
1646 silly packumentCache full:https://registry.npmjs.org/strip-ansi set size:undefined disposed:false
1647 http fetch GET 200 https://registry.npmjs.org/strip-ansi 46ms (cache miss)
1648 silly packumentCache full:https://registry.npmjs.org/strip-ansi set size:undefined disposed:false
1649 http fetch GET 200 https://registry.npmjs.org/is-fullwidth-code-point 60ms (cache miss)
1650 silly packumentCache full:https://registry.npmjs.org/is-fullwidth-code-point set size:undefined disposed:false
1651 http fetch GET 200 https://registry.npmjs.org/emoji-regex 62ms (cache miss)
1652 silly packumentCache full:https://registry.npmjs.org/emoji-regex set size:undefined disposed:false
1653 silly placeDep ROOT strip-ansi@6.0.1 OK for: cliui@8.0.1 want: ^6.0.1
1654 silly placeDep ROOT wrap-ansi@7.0.0 OK for: cliui@8.0.1 want: ^7.0.0
1655 silly fetch manifest ansi-regex@^5.0.1
1656 silly packumentCache full:https://registry.npmjs.org/ansi-regex cache-miss
1657 silly fetch manifest ansi-styles@^4.0.0
1658 silly packumentCache full:https://registry.npmjs.org/ansi-styles cache-miss
1659 http fetch GET 200 https://registry.npmjs.org/ansi-regex 114ms (cache miss)
1660 silly packumentCache full:https://registry.npmjs.org/ansi-regex set size:undefined disposed:false
1661 http fetch GET 200 https://registry.npmjs.org/ansi-styles 117ms (cache miss)
1662 silly packumentCache full:https://registry.npmjs.org/ansi-styles set size:undefined disposed:false
1663 silly placeDep ROOT emoji-regex@8.0.0 OK for: string-width@4.2.3 want: ^8.0.0
1664 silly placeDep ROOT is-fullwidth-code-point@3.0.0 OK for: string-width@4.2.3 want: ^3.0.0
1665 silly placeDep ROOT ansi-regex@5.0.1 OK for: strip-ansi@6.0.1 want: ^5.0.1
1666 silly placeDep ROOT ansi-styles@4.3.0 OK for: wrap-ansi@7.0.0 want: ^4.0.0
1667 silly fetch manifest color-convert@^2.0.1
1668 silly packumentCache full:https://registry.npmjs.org/color-convert cache-miss
1669 http fetch GET 200 https://registry.npmjs.org/color-convert 38ms (cache miss)
1670 silly packumentCache full:https://registry.npmjs.org/color-convert set size:undefined disposed:false
1671 silly placeDep ROOT color-convert@2.0.1 OK for: ansi-styles@4.3.0 want: ^2.0.1
1672 silly fetch manifest color-name@~1.1.4
1673 silly packumentCache full:https://registry.npmjs.org/color-name cache-miss
1674 http fetch GET 200 https://registry.npmjs.org/color-name 263ms (cache miss)
1675 silly packumentCache full:https://registry.npmjs.org/color-name set size:undefined disposed:false
1676 silly placeDep ROOT color-name@1.1.4 OK for: color-convert@2.0.1 want: ~1.1.4
1677 silly fetch manifest @types/react@^18.0.0
1678 silly packumentCache full:https://registry.npmjs.org/@types%2freact cache-miss
1679 http cache https://registry.npmjs.org/@types%2freact 10ms (cache hit)
1680 silly packumentCache full:https://registry.npmjs.org/@types%2freact set size:2637439 disposed:false
1681 silly placeDep ROOT @babel/runtime@7.29.7 OK for: @testing-library/react@14.3.1 want: ^7.12.5
1682 silly placeDep ROOT @testing-library/dom@9.3.4 OK for: @testing-library/react@14.3.1 want: ^9.0.0
1683 silly placeDep ROOT @types/react-dom@18.3.7 OK for: @testing-library/react@14.3.1 want: ^18.0.0
1684 silly placeDep ROOT @types/react@18.3.31 REPLACE for: @types/react-dom@18.3.7 want: ^18.0.0
1685 silly fetch manifest chalk@^4.1.0
1686 silly packumentCache full:https://registry.npmjs.org/chalk cache-miss
1687 silly fetch manifest lz-string@^1.5.0
1688 silly packumentCache full:https://registry.npmjs.org/lz-string cache-miss
1689 silly fetch manifest aria-query@5.1.3
1690 silly packumentCache full:https://registry.npmjs.org/aria-query cache-miss
1691 silly fetch manifest pretty-format@^27.0.2
1692 silly packumentCache full:https://registry.npmjs.org/pretty-format cache-miss
1693 silly fetch manifest @types/aria-query@^5.0.1
1694 silly packumentCache full:https://registry.npmjs.org/@types%2faria-query cache-miss
1695 silly fetch manifest dom-accessibility-api@^0.5.9
1696 silly packumentCache full:https://registry.npmjs.org/dom-accessibility-api cache-miss
1697 http cache https://registry.npmjs.org/aria-query 8ms (cache hit)
1698 silly packumentCache full:https://registry.npmjs.org/aria-query set size:98864 disposed:false
1699 http cache https://registry.npmjs.org/dom-accessibility-api 10ms (cache hit)
1700 silly packumentCache full:https://registry.npmjs.org/dom-accessibility-api set size:175425 disposed:false
1701 http fetch GET 200 https://registry.npmjs.org/chalk 39ms (cache miss)
1702 silly packumentCache full:https://registry.npmjs.org/chalk set size:undefined disposed:false
1703 http fetch GET 200 https://registry.npmjs.org/pretty-format 53ms (cache miss)
1704 silly packumentCache full:https://registry.npmjs.org/pretty-format set size:undefined disposed:false
1705 http fetch GET 200 https://registry.npmjs.org/lz-string 230ms (cache miss)
1706 silly packumentCache full:https://registry.npmjs.org/lz-string set size:undefined disposed:false
1707 http fetch GET 200 https://registry.npmjs.org/@types%2faria-query 251ms (cache miss)
1708 silly packumentCache full:https://registry.npmjs.org/@types%2faria-query set size:undefined disposed:false
1709 silly placeDep ROOT @types/aria-query@5.0.4 OK for: @testing-library/dom@9.3.4 want: ^5.0.1
1710 silly placeDep node_modules/@testing-library/dom aria-query@5.1.3 OK for: @testing-library/dom@9.3.4 want: 5.1.3
1711 silly placeDep ROOT chalk@4.1.2 OK for: @testing-library/dom@9.3.4 want: ^4.1.0
1712 silly placeDep node_modules/@testing-library/dom dom-accessibility-api@0.5.16 OK for: @testing-library/dom@9.3.4 want: ^0.5.9
1713 silly placeDep ROOT lz-string@1.5.0 OK for: @testing-library/dom@9.3.4 want: ^1.5.0
1714 silly placeDep ROOT pretty-format@27.5.1 OK for: @testing-library/dom@9.3.4 want: ^27.0.2
1715 silly fetch manifest deep-equal@^2.0.5
1716 silly packumentCache full:https://registry.npmjs.org/deep-equal cache-miss
1717 silly fetch manifest supports-color@^7.1.0
1718 silly packumentCache full:https://registry.npmjs.org/supports-color cache-miss
1719 silly fetch manifest react-is@^17.0.1
1720 silly packumentCache full:https://registry.npmjs.org/react-is cache-miss
1721 silly fetch manifest ansi-styles@^5.0.0
1722 silly packumentCache full:https://registry.npmjs.org/ansi-styles cache-miss
1723 http cache https://registry.npmjs.org/ansi-styles 9ms (cache hit)
1724 silly packumentCache full:https://registry.npmjs.org/ansi-styles set size:71772 disposed:false
1725 http fetch GET 200 https://registry.npmjs.org/deep-equal 34ms (cache miss)
1726 silly packumentCache full:https://registry.npmjs.org/deep-equal set size:undefined disposed:false
1727 http fetch GET 200 https://registry.npmjs.org/supports-color 40ms (cache miss)
1728 silly packumentCache full:https://registry.npmjs.org/supports-color set size:undefined disposed:false
1729 http fetch GET 200 https://registry.npmjs.org/react-is 560ms (cache miss)
1730 silly packumentCache full:https://registry.npmjs.org/react-is set size:undefined disposed:false
1731 silly placeDep ROOT supports-color@7.2.0 OK for: chalk@4.1.2 want: ^7.1.0
1732 silly fetch manifest has-flag@^4.0.0
1733 silly packumentCache full:https://registry.npmjs.org/has-flag cache-miss
1734 http fetch GET 200 https://registry.npmjs.org/has-flag 31ms (cache miss)
1735 silly packumentCache full:https://registry.npmjs.org/has-flag set size:undefined disposed:false
1736 silly placeDep node_modules/pretty-format ansi-styles@5.2.0 OK for: pretty-format@27.5.1 want: ^5.0.0
1737 silly placeDep ROOT react-is@17.0.2 OK for: pretty-format@27.5.1 want: ^17.0.1
1738 silly placeDep ROOT has-flag@4.0.0 OK for: supports-color@7.2.0 want: ^4.0.0
1739 silly placeDep node_modules/.pnpm/lucide-react@1.28.0_react@19.2.8 @babel/code-frame@8.0.0 OK for: rollup-plugin-dts@6.5.1 want: ^8.0.0
1740 silly fetch manifest js-tokens@^10.0.0
1741 silly packumentCache full:https://registry.npmjs.org/js-tokens cache-miss
1742 silly fetch manifest @babel/helper-validator-identifier@^8.0.0
1743 silly packumentCache full:https://registry.npmjs.org/@babel%2fhelper-validator-identifier cache-miss
1744 http cache https://registry.npmjs.org/@babel%2fhelper-validator-identifier 7ms (cache hit)
1745 silly packumentCache full:https://registry.npmjs.org/@babel%2fhelper-validator-identifier set size:130133 disposed:false
1746 http cache https://registry.npmjs.org/js-tokens 10ms (cache hit)
1747 silly packumentCache full:https://registry.npmjs.org/js-tokens set size:41947 disposed:false
1748 silly placeDep node_modules/.pnpm/lucide-react@1.28.0_react@19.2.8 @babel/helper-validator-identifier@8.0.4 OK for: @babel/code-frame@8.0.0 want: ^8.0.0
1749 silly placeDep node_modules/.pnpm/lucide-react@1.28.0_react@19.2.8 js-tokens@10.0.0 OK for: @babel/code-frame@8.0.0 want: ^10.0.0
1750 silly placeDep ROOT deep-equal@2.2.3 OK for: aria-query@5.1.3 want: ^2.0.5
1751 silly fetch manifest array-buffer-byte-length@^1.0.0
1752 silly packumentCache full:https://registry.npmjs.org/array-buffer-byte-length cache-miss
1753 silly fetch manifest call-bind@^1.0.5
1754 silly packumentCache full:https://registry.npmjs.org/call-bind cache-miss
1755 silly fetch manifest es-get-iterator@^1.1.3
1756 silly packumentCache full:https://registry.npmjs.org/es-get-iterator cache-miss
1757 silly fetch manifest get-intrinsic@^1.2.2
1758 silly packumentCache full:https://registry.npmjs.org/get-intrinsic cache-miss
1759 silly fetch manifest is-arguments@^1.1.1
1760 silly packumentCache full:https://registry.npmjs.org/is-arguments cache-miss
1761 silly fetch manifest is-array-buffer@^3.0.2
1762 silly packumentCache full:https://registry.npmjs.org/is-array-buffer cache-miss
1763 silly fetch manifest is-date-object@^1.0.5
1764 silly packumentCache full:https://registry.npmjs.org/is-date-object cache-miss
1765 http fetch GET 200 https://registry.npmjs.org/array-buffer-byte-length 42ms (cache miss)
1766 silly packumentCache full:https://registry.npmjs.org/array-buffer-byte-length set size:undefined disposed:false
1767 silly fetch manifest is-regex@^1.1.4
1768 silly packumentCache full:https://registry.npmjs.org/is-regex cache-miss
1769 http fetch GET 200 https://registry.npmjs.org/get-intrinsic 46ms (cache miss)
1770 silly packumentCache full:https://registry.npmjs.org/get-intrinsic set size:undefined disposed:false
1771 silly fetch manifest is-shared-array-buffer@^1.0.2
1772 silly packumentCache full:https://registry.npmjs.org/is-shared-array-buffer cache-miss
1773 http fetch GET 200 https://registry.npmjs.org/is-arguments 51ms (cache miss)
1774 silly packumentCache full:https://registry.npmjs.org/is-arguments set size:undefined disposed:false
1775 silly fetch manifest isarray@^2.0.5
1776 silly packumentCache full:https://registry.npmjs.org/isarray cache-miss
1777 http fetch GET 200 https://registry.npmjs.org/call-bind 54ms (cache miss)
1778 silly packumentCache full:https://registry.npmjs.org/call-bind set size:undefined disposed:false
1779 silly fetch manifest object-is@^1.1.5
1780 silly packumentCache full:https://registry.npmjs.org/object-is cache-miss
1781 http fetch GET 200 https://registry.npmjs.org/is-array-buffer 58ms (cache miss)
1782 silly packumentCache full:https://registry.npmjs.org/is-array-buffer set size:undefined disposed:false
1783 silly fetch manifest object-keys@^1.1.1
1784 silly packumentCache full:https://registry.npmjs.org/object-keys cache-miss
1785 http fetch GET 200 https://registry.npmjs.org/is-date-object 78ms (cache miss)
1786 silly packumentCache full:https://registry.npmjs.org/is-date-object set size:undefined disposed:false
1787 silly fetch manifest object.assign@^4.1.4
1788 silly packumentCache full:https://registry.npmjs.org/object.assign cache-miss
1789 http fetch GET 200 https://registry.npmjs.org/is-regex 52ms (cache miss)
1790 silly packumentCache full:https://registry.npmjs.org/is-regex set size:undefined disposed:false
1791 silly fetch manifest regexp.prototype.flags@^1.5.1
1792 silly packumentCache full:https://registry.npmjs.org/regexp.prototype.flags cache-miss
1793 http fetch GET 200 https://registry.npmjs.org/is-shared-array-buffer 53ms (cache miss)
1794 silly packumentCache full:https://registry.npmjs.org/is-shared-array-buffer set size:undefined disposed:false
1795 silly fetch manifest side-channel@^1.0.4
1796 silly packumentCache full:https://registry.npmjs.org/side-channel cache-miss
1797 http fetch GET 200 https://registry.npmjs.org/isarray 54ms (cache miss)
1798 silly packumentCache full:https://registry.npmjs.org/isarray set size:undefined disposed:false
1799 silly fetch manifest which-boxed-primitive@^1.0.2
1800 silly packumentCache full:https://registry.npmjs.org/which-boxed-primitive cache-miss
1801 http fetch GET 200 https://registry.npmjs.org/object-keys 59ms (cache miss)
1802 silly packumentCache full:https://registry.npmjs.org/object-keys set size:undefined disposed:false
1803 silly fetch manifest which-collection@^1.0.1
1804 silly packumentCache full:https://registry.npmjs.org/which-collection cache-miss
1805 http fetch GET 200 https://registry.npmjs.org/object.assign 46ms (cache miss)
1806 silly packumentCache full:https://registry.npmjs.org/object.assign set size:undefined disposed:false
1807 silly fetch manifest which-typed-array@^1.1.13
1808 silly packumentCache full:https://registry.npmjs.org/which-typed-array cache-miss
1809 http fetch GET 200 https://registry.npmjs.org/regexp.prototype.flags 43ms (cache miss)
1810 silly packumentCache full:https://registry.npmjs.org/regexp.prototype.flags set size:undefined disposed:false
1811 http fetch GET 200 https://registry.npmjs.org/side-channel 43ms (cache miss)
1812 silly packumentCache full:https://registry.npmjs.org/side-channel set size:undefined disposed:false
1813 http fetch GET 200 https://registry.npmjs.org/which-boxed-primitive 39ms (cache miss)
1814 silly packumentCache full:https://registry.npmjs.org/which-boxed-primitive set size:undefined disposed:false
1815 http fetch GET 200 https://registry.npmjs.org/which-collection 42ms (cache miss)
1816 silly packumentCache full:https://registry.npmjs.org/which-collection set size:undefined disposed:false
1817 http fetch GET 200 https://registry.npmjs.org/which-typed-array 38ms (cache miss)
1818 silly packumentCache full:https://registry.npmjs.org/which-typed-array set size:undefined disposed:false
1819 http fetch GET 200 https://registry.npmjs.org/es-get-iterator 248ms (cache miss)
1820 silly packumentCache full:https://registry.npmjs.org/es-get-iterator set size:undefined disposed:false
1821 http fetch GET 200 https://registry.npmjs.org/object-is 244ms (cache miss)
1822 silly packumentCache full:https://registry.npmjs.org/object-is set size:undefined disposed:false
1823 silly placeDep ROOT array-buffer-byte-length@1.0.2 OK for: deep-equal@2.2.3 want: ^1.0.0
1824 silly placeDep ROOT call-bind@1.0.9 OK for: deep-equal@2.2.3 want: ^1.0.5
1825 silly placeDep ROOT es-get-iterator@1.1.3 OK for: deep-equal@2.2.3 want: ^1.1.3
1826 silly placeDep ROOT get-intrinsic@1.3.0 OK for: deep-equal@2.2.3 want: ^1.2.2
1827 silly placeDep ROOT is-arguments@1.2.0 OK for: deep-equal@2.2.3 want: ^1.1.1
1828 silly placeDep ROOT is-array-buffer@3.0.5 OK for: deep-equal@2.2.3 want: ^3.0.2
1829 silly placeDep ROOT is-date-object@1.1.0 OK for: deep-equal@2.2.3 want: ^1.0.5
1830 silly placeDep ROOT is-regex@1.2.1 OK for: deep-equal@2.2.3 want: ^1.1.4
1831 silly placeDep ROOT is-shared-array-buffer@1.0.4 OK for: deep-equal@2.2.3 want: ^1.0.2
1832 silly placeDep ROOT isarray@2.0.5 OK for: deep-equal@2.2.3 want: ^2.0.5
1833 silly placeDep ROOT object-is@1.1.6 OK for: deep-equal@2.2.3 want: ^1.1.5
1834 silly placeDep ROOT object-keys@1.1.1 OK for: deep-equal@2.2.3 want: ^1.1.1
1835 silly placeDep ROOT object.assign@4.1.7 OK for: deep-equal@2.2.3 want: ^4.1.4
1836 silly placeDep ROOT regexp.prototype.flags@1.5.4 OK for: deep-equal@2.2.3 want: ^1.5.1
1837 silly placeDep ROOT side-channel@1.1.1 OK for: deep-equal@2.2.3 want: ^1.0.4
1838 silly placeDep ROOT which-boxed-primitive@1.1.1 OK for: deep-equal@2.2.3 want: ^1.0.2
1839 silly placeDep ROOT which-collection@1.0.2 OK for: deep-equal@2.2.3 want: ^1.0.1
1840 silly placeDep ROOT which-typed-array@1.1.22 OK for: deep-equal@2.2.3 want: ^1.1.13
1841 silly fetch manifest call-bound@^1.0.3
1842 silly packumentCache full:https://registry.npmjs.org/call-bound cache-miss
1843 silly fetch manifest is-array-buffer@^3.0.5
1844 silly packumentCache full:https://registry.npmjs.org/is-array-buffer cache-miss
1845 silly fetch manifest call-bind-apply-helpers@^1.0.2
1846 silly packumentCache full:https://registry.npmjs.org/call-bind-apply-helpers cache-miss
1847 silly fetch manifest es-define-property@^1.0.1
1848 silly packumentCache full:https://registry.npmjs.org/es-define-property cache-miss
1849 silly fetch manifest get-intrinsic@^1.3.0
1850 silly packumentCache full:https://registry.npmjs.org/get-intrinsic cache-miss
1851 silly fetch manifest set-function-length@^1.2.2
1852 silly packumentCache full:https://registry.npmjs.org/set-function-length cache-miss
1853 silly fetch manifest get-intrinsic@^1.1.3
1854 silly packumentCache full:https://registry.npmjs.org/get-intrinsic cache-miss
1855 http cache https://registry.npmjs.org/is-array-buffer 10ms (cache hit)
1856 silly packumentCache full:https://registry.npmjs.org/is-array-buffer set size:33562 disposed:false
1857 silly fetch manifest has-symbols@^1.0.3
1858 silly packumentCache full:https://registry.npmjs.org/has-symbols cache-miss
1859 http cache https://registry.npmjs.org/get-intrinsic 13ms (cache hit)
1860 silly packumentCache full:https://registry.npmjs.org/get-intrinsic set size:60985 disposed:false
1861 silly fetch manifest is-map@^2.0.2
1862 silly packumentCache full:https://registry.npmjs.org/is-map cache-miss
1863 http cache https://registry.npmjs.org/get-intrinsic 15ms (cache hit)
1864 silly packumentCache full:https://registry.npmjs.org/get-intrinsic set size:60985 disposed:false
1865 silly packumentCache full:https://registry.npmjs.org/get-intrinsic dispose
1866 silly fetch manifest is-set@^2.0.2
1867 silly packumentCache full:https://registry.npmjs.org/is-set cache-miss
1868 http fetch GET 200 https://registry.npmjs.org/call-bound 36ms (cache miss)
1869 silly packumentCache full:https://registry.npmjs.org/call-bound set size:undefined disposed:false
1870 silly fetch manifest is-string@^1.0.7
1871 silly packumentCache full:https://registry.npmjs.org/is-string cache-miss
1872 http fetch GET 200 https://registry.npmjs.org/call-bind-apply-helpers 39ms (cache miss)
1873 silly packumentCache full:https://registry.npmjs.org/call-bind-apply-helpers set size:undefined disposed:false
1874 silly fetch manifest stop-iteration-iterator@^1.0.0
1875 silly packumentCache full:https://registry.npmjs.org/stop-iteration-iterator cache-miss
1876 http fetch GET 200 https://registry.npmjs.org/es-define-property 57ms (cache miss)
1877 silly packumentCache full:https://registry.npmjs.org/es-define-property set size:undefined disposed:false
1878 silly fetch manifest gopd@^1.2.0
1879 silly packumentCache full:https://registry.npmjs.org/gopd cache-miss
1880 http fetch GET 200 https://registry.npmjs.org/has-symbols 49ms (cache miss)
1881 silly packumentCache full:https://registry.npmjs.org/has-symbols set size:undefined disposed:false
1882 silly fetch manifest get-proto@^1.0.1
1883 silly packumentCache full:https://registry.npmjs.org/get-proto cache-miss
1884 http fetch GET 200 https://registry.npmjs.org/set-function-length 64ms (cache miss)
1885 silly packumentCache full:https://registry.npmjs.org/set-function-length set size:undefined disposed:false
1886 silly fetch manifest has-symbols@^1.1.0
1887 silly packumentCache full:https://registry.npmjs.org/has-symbols cache-miss
1888 http fetch GET 200 https://registry.npmjs.org/is-set 58ms (cache miss)
1889 silly packumentCache full:https://registry.npmjs.org/is-set set size:undefined disposed:false
1890 silly fetch manifest es-object-atoms@^1.1.1
1891 silly packumentCache full:https://registry.npmjs.org/es-object-atoms cache-miss
1892 http fetch GET 200 https://registry.npmjs.org/is-map 67ms (cache miss)
1893 silly packumentCache full:https://registry.npmjs.org/is-map set size:undefined disposed:false
1894 silly fetch manifest math-intrinsics@^1.1.0
1895 silly packumentCache full:https://registry.npmjs.org/math-intrinsics cache-miss
1896 http fetch GET 200 https://registry.npmjs.org/is-string 56ms (cache miss)
1897 silly packumentCache full:https://registry.npmjs.org/is-string set size:undefined disposed:false
1898 silly fetch manifest call-bound@^1.0.2
1899 silly packumentCache full:https://registry.npmjs.org/call-bound cache-miss
1900 http fetch GET 200 https://registry.npmjs.org/stop-iteration-iterator 57ms (cache miss)
1901 silly packumentCache full:https://registry.npmjs.org/stop-iteration-iterator set size:undefined disposed:false
1902 silly fetch manifest has-tostringtag@^1.0.2
1903 silly packumentCache full:https://registry.npmjs.org/has-tostringtag cache-miss
1904 http cache https://registry.npmjs.org/has-symbols 56ms (cache hit)
1905 silly packumentCache full:https://registry.npmjs.org/has-symbols set size:21550 disposed:false
1906 silly fetch manifest call-bound@^1.0.2
1907 silly packumentCache full:https://registry.npmjs.org/call-bound cache-miss
1908 http fetch GET 200 https://registry.npmjs.org/gopd 82ms (cache miss)
1909 silly packumentCache full:https://registry.npmjs.org/gopd set size:undefined disposed:false
1910 silly fetch manifest has-tostringtag@^1.0.2
1911 silly packumentCache full:https://registry.npmjs.org/has-tostringtag cache-miss
1912 http cache https://registry.npmjs.org/call-bound 50ms (cache hit)
1913 silly packumentCache full:https://registry.npmjs.org/call-bound set size:15317 disposed:false
1914 silly fetch manifest has-tostringtag@^1.0.2
1915 silly packumentCache full:https://registry.npmjs.org/has-tostringtag cache-miss
1916 http fetch GET 200 https://registry.npmjs.org/get-proto 85ms (cache miss)
1917 silly packumentCache full:https://registry.npmjs.org/get-proto set size:undefined disposed:false
1918 silly fetch manifest define-properties@^1.2.1
1919 silly packumentCache full:https://registry.npmjs.org/define-properties cache-miss
1920 http fetch GET 200 https://registry.npmjs.org/math-intrinsics 74ms (cache miss)
1921 silly packumentCache full:https://registry.npmjs.org/math-intrinsics set size:undefined disposed:false
1922 silly fetch manifest define-properties@^1.2.1
1923 silly packumentCache full:https://registry.npmjs.org/define-properties cache-miss
1924 http fetch GET 200 https://registry.npmjs.org/es-object-atoms 86ms (cache miss)
1925 silly packumentCache full:https://registry.npmjs.org/es-object-atoms set size:undefined disposed:false
1926 silly fetch manifest es-object-atoms@^1.0.0
1927 silly packumentCache full:https://registry.npmjs.org/es-object-atoms cache-miss
1928 http fetch GET 200 https://registry.npmjs.org/has-tostringtag 69ms (cache miss)
1929 silly packumentCache full:https://registry.npmjs.org/has-tostringtag set size:undefined disposed:false
1930 silly fetch manifest define-properties@^1.2.1
1931 silly packumentCache full:https://registry.npmjs.org/define-properties cache-miss
1932 http cache https://registry.npmjs.org/call-bound 51ms (cache hit)
1933 silly packumentCache full:https://registry.npmjs.org/call-bound set size:15317 disposed:false
1934 silly packumentCache full:https://registry.npmjs.org/call-bound dispose
1935 silly fetch manifest set-function-name@^2.0.2
1936 silly packumentCache full:https://registry.npmjs.org/set-function-name cache-miss
1937 http fetch GET 200 https://registry.npmjs.org/has-tostringtag 42ms (cache miss)
1938 silly packumentCache full:https://registry.npmjs.org/has-tostringtag set size:undefined disposed:false
1939 silly fetch manifest object-inspect@^1.13.4
1940 silly packumentCache full:https://registry.npmjs.org/object-inspect cache-miss
1941 http fetch GET 200 https://registry.npmjs.org/has-tostringtag 45ms (cache miss)
1942 silly packumentCache full:https://registry.npmjs.org/has-tostringtag set size:undefined disposed:false
1943 silly fetch manifest side-channel-list@^1.0.1
1944 silly packumentCache full:https://registry.npmjs.org/side-channel-list cache-miss
1945 http cache https://registry.npmjs.org/es-object-atoms 32ms (cache hit)
1946 silly packumentCache full:https://registry.npmjs.org/es-object-atoms set size:18278 disposed:false
1947 silly fetch manifest side-channel-map@^1.0.1
1948 silly packumentCache full:https://registry.npmjs.org/side-channel-map cache-miss
1949 http fetch GET 200 https://registry.npmjs.org/set-function-name 40ms (cache miss)
1950 silly packumentCache full:https://registry.npmjs.org/set-function-name set size:undefined disposed:false
1951 silly fetch manifest side-channel-weakmap@^1.0.2
1952 silly packumentCache full:https://registry.npmjs.org/side-channel-weakmap cache-miss
1953 http fetch GET 200 https://registry.npmjs.org/object-inspect 41ms (cache miss)
1954 silly packumentCache full:https://registry.npmjs.org/object-inspect set size:undefined disposed:false
1955 silly fetch manifest is-bigint@^1.1.0
1956 silly packumentCache full:https://registry.npmjs.org/is-bigint cache-miss
1957 http fetch GET 200 https://registry.npmjs.org/side-channel-list 41ms (cache miss)
1958 silly packumentCache full:https://registry.npmjs.org/side-channel-list set size:undefined disposed:false
1959 silly fetch manifest is-boolean-object@^1.2.1
1960 silly packumentCache full:https://registry.npmjs.org/is-boolean-object cache-miss
1961 http fetch GET 200 https://registry.npmjs.org/side-channel-map 45ms (cache miss)
1962 silly packumentCache full:https://registry.npmjs.org/side-channel-map set size:undefined disposed:false
1963 silly fetch manifest is-number-object@^1.1.1
1964 silly packumentCache full:https://registry.npmjs.org/is-number-object cache-miss
1965 http fetch GET 200 https://registry.npmjs.org/side-channel-weakmap 37ms (cache miss)
1966 silly packumentCache full:https://registry.npmjs.org/side-channel-weakmap set size:undefined disposed:false
1967 silly fetch manifest is-string@^1.1.1
1968 silly packumentCache full:https://registry.npmjs.org/is-string cache-miss
1969 http cache https://registry.npmjs.org/is-string 29ms (cache hit)
1970 silly packumentCache full:https://registry.npmjs.org/is-string set size:29636 disposed:false
1971 silly fetch manifest is-symbol@^1.1.1
1972 silly packumentCache full:https://registry.npmjs.org/is-symbol cache-miss
1973 http fetch GET 200 https://registry.npmjs.org/is-boolean-object 52ms (cache miss)
1974 silly packumentCache full:https://registry.npmjs.org/is-boolean-object set size:undefined disposed:false
1975 silly fetch manifest is-map@^2.0.3
1976 silly packumentCache full:https://registry.npmjs.org/is-map cache-miss
1977 http fetch GET 200 https://registry.npmjs.org/is-number-object 52ms (cache miss)
1978 silly packumentCache full:https://registry.npmjs.org/is-number-object set size:undefined disposed:false
1979 silly fetch manifest is-set@^2.0.3
1980 silly packumentCache full:https://registry.npmjs.org/is-set cache-miss
1981 http cache https://registry.npmjs.org/is-map 22ms (cache hit)
1982 silly packumentCache full:https://registry.npmjs.org/is-map set size:18079 disposed:false
1983 silly fetch manifest is-weakmap@^2.0.2
1984 silly packumentCache full:https://registry.npmjs.org/is-weakmap cache-miss
1985 http cache https://registry.npmjs.org/is-set 26ms (cache hit)
1986 silly packumentCache full:https://registry.npmjs.org/is-set set size:16614 disposed:false
1987 silly fetch manifest is-weakset@^2.0.3
1988 silly packumentCache full:https://registry.npmjs.org/is-weakset cache-miss
1989 http fetch GET 200 https://registry.npmjs.org/is-symbol 53ms (cache miss)
1990 silly packumentCache full:https://registry.npmjs.org/is-symbol set size:undefined disposed:false
1991 silly fetch manifest for-each@^0.3.5
1992 silly packumentCache full:https://registry.npmjs.org/for-each cache-miss
1993 http fetch GET 200 https://registry.npmjs.org/is-weakmap 36ms (cache miss)
1994 silly packumentCache full:https://registry.npmjs.org/is-weakmap set size:undefined disposed:false
1995 silly fetch manifest call-bound@^1.0.4
1996 silly packumentCache full:https://registry.npmjs.org/call-bound cache-hit
1997 silly fetch manifest available-typed-arrays@^1.0.7
1998 silly packumentCache full:https://registry.npmjs.org/available-typed-arrays cache-miss
1999 http fetch GET 200 https://registry.npmjs.org/is-weakset 41ms (cache miss)
2000 silly packumentCache full:https://registry.npmjs.org/is-weakset set size:undefined disposed:false
2001 http fetch GET 200 https://registry.npmjs.org/for-each 37ms (cache miss)
2002 silly packumentCache full:https://registry.npmjs.org/for-each set size:undefined disposed:false
2003 http fetch GET 200 https://registry.npmjs.org/available-typed-arrays 46ms (cache miss)
2004 silly packumentCache full:https://registry.npmjs.org/available-typed-arrays set size:undefined disposed:false
2005 http fetch GET 200 https://registry.npmjs.org/define-properties 258ms (cache miss)
2006 silly packumentCache full:https://registry.npmjs.org/define-properties set size:undefined disposed:false
2007 http fetch GET 200 https://registry.npmjs.org/define-properties 240ms (cache miss)
2008 silly packumentCache full:https://registry.npmjs.org/define-properties set size:undefined disposed:false
2009 http fetch GET 200 https://registry.npmjs.org/define-properties 254ms (cache miss)
2010 silly packumentCache full:https://registry.npmjs.org/define-properties set size:undefined disposed:false
2011 http fetch GET 200 https://registry.npmjs.org/is-bigint 238ms (cache miss)
2012 silly packumentCache full:https://registry.npmjs.org/is-bigint set size:undefined disposed:false
2013 silly placeDep ROOT call-bound@1.0.4 OK for: array-buffer-byte-length@1.0.2 want: ^1.0.3
2014 silly placeDep ROOT call-bind-apply-helpers@1.0.2 OK for: call-bind@1.0.9 want: ^1.0.2
2015 silly placeDep ROOT es-define-property@1.0.1 OK for: call-bind@1.0.9 want: ^1.0.1
2016 silly placeDep ROOT set-function-length@1.2.2 OK for: call-bind@1.0.9 want: ^1.2.2
2017 silly fetch manifest define-data-property@^1.1.4
2018 silly packumentCache full:https://registry.npmjs.org/define-data-property cache-miss
2019 silly fetch manifest gopd@^1.0.1
2020 silly packumentCache full:https://registry.npmjs.org/gopd cache-miss
2021 silly fetch manifest has-property-descriptors@^1.0.2
2022 silly packumentCache full:https://registry.npmjs.org/has-property-descriptors cache-miss
2023 http cache https://registry.npmjs.org/gopd 8ms (cache hit)
2024 silly packumentCache full:https://registry.npmjs.org/gopd set size:11483 disposed:false
2025 http fetch GET 200 https://registry.npmjs.org/has-property-descriptors 57ms (cache miss)
2026 silly packumentCache full:https://registry.npmjs.org/has-property-descriptors set size:undefined disposed:false
2027 http fetch GET 200 https://registry.npmjs.org/define-data-property 66ms (cache miss)
2028 silly packumentCache full:https://registry.npmjs.org/define-data-property set size:undefined disposed:false
2029 silly placeDep ROOT has-symbols@1.1.0 OK for: es-get-iterator@1.1.3 want: ^1.0.3
2030 silly placeDep ROOT is-map@2.0.3 OK for: es-get-iterator@1.1.3 want: ^2.0.2
2031 silly placeDep ROOT is-set@2.0.3 OK for: es-get-iterator@1.1.3 want: ^2.0.2
2032 silly placeDep ROOT is-string@1.1.1 OK for: es-get-iterator@1.1.3 want: ^1.0.7
2033 silly placeDep ROOT stop-iteration-iterator@1.1.0 OK for: es-get-iterator@1.1.3 want: ^1.0.0
2034 silly fetch manifest internal-slot@^1.1.0
2035 silly packumentCache full:https://registry.npmjs.org/internal-slot cache-miss
2036 http fetch GET 200 https://registry.npmjs.org/internal-slot 33ms (cache miss)
2037 silly packumentCache full:https://registry.npmjs.org/internal-slot set size:undefined disposed:false
2038 silly placeDep ROOT es-object-atoms@1.1.2 OK for: get-intrinsic@1.3.0 want: ^1.1.1
2039 silly placeDep ROOT get-proto@1.0.1 OK for: get-intrinsic@1.3.0 want: ^1.0.1
2040 silly placeDep ROOT gopd@1.2.0 OK for: get-intrinsic@1.3.0 want: ^1.2.0
2041 silly placeDep ROOT math-intrinsics@1.1.0 OK for: get-intrinsic@1.3.0 want: ^1.1.0
2042 silly fetch manifest dunder-proto@^1.0.1
2043 silly packumentCache full:https://registry.npmjs.org/dunder-proto cache-miss
2044 http fetch GET 200 https://registry.npmjs.org/dunder-proto 32ms (cache miss)
2045 silly packumentCache full:https://registry.npmjs.org/dunder-proto set size:undefined disposed:false
2046 silly placeDep ROOT dunder-proto@1.0.1 OK for: get-proto@1.0.1 want: ^1.0.1
2047 silly placeDep ROOT has-tostringtag@1.0.2 OK for: is-arguments@1.2.0 want: ^1.0.2
2048 silly placeDep ROOT define-properties@1.2.1 OK for: object-is@1.1.6 want: ^1.2.1
2049 silly fetch manifest define-data-property@^1.0.1
2050 silly packumentCache full:https://registry.npmjs.org/define-data-property cache-miss
2051 silly fetch manifest has-property-descriptors@^1.0.0
2052 silly packumentCache full:https://registry.npmjs.org/has-property-descriptors cache-miss
2053 http cache https://registry.npmjs.org/has-property-descriptors 7ms (cache hit)
2054 silly packumentCache full:https://registry.npmjs.org/has-property-descriptors set size:12452 disposed:false
2055 http cache https://registry.npmjs.org/define-data-property 8ms (cache hit)
2056 silly packumentCache full:https://registry.npmjs.org/define-data-property set size:28048 disposed:false
2057 silly placeDep ROOT define-data-property@1.1.4 OK for: define-properties@1.2.1 want: ^1.0.1
2058 silly placeDep ROOT has-property-descriptors@1.0.2 OK for: define-properties@1.2.1 want: ^1.0.0
2059 silly placeDep ROOT set-function-name@2.0.2 OK for: regexp.prototype.flags@1.5.4 want: ^2.0.2
2060 silly fetch manifest functions-have-names@^1.2.3
2061 silly packumentCache full:https://registry.npmjs.org/functions-have-names cache-miss
2062 http fetch GET 200 https://registry.npmjs.org/functions-have-names 39ms (cache miss)
2063 silly packumentCache full:https://registry.npmjs.org/functions-have-names set size:undefined disposed:false
2064 silly placeDep ROOT functions-have-names@1.2.3 OK for: set-function-name@2.0.2 want: ^1.2.3
2065 silly placeDep ROOT object-inspect@1.13.4 OK for: side-channel@1.1.1 want: ^1.13.4
2066 silly placeDep ROOT side-channel-list@1.0.1 OK for: side-channel@1.1.1 want: ^1.0.1
2067 silly placeDep ROOT side-channel-map@1.0.1 OK for: side-channel@1.1.1 want: ^1.0.1
2068 silly placeDep ROOT side-channel-weakmap@1.0.2 OK for: side-channel@1.1.1 want: ^1.0.2
2069 silly placeDep ROOT internal-slot@1.1.0 OK for: stop-iteration-iterator@1.1.0 want: ^1.1.0
2070 silly placeDep ROOT is-bigint@1.1.0 OK for: which-boxed-primitive@1.1.1 want: ^1.1.0
2071 silly placeDep ROOT is-boolean-object@1.2.2 OK for: which-boxed-primitive@1.1.1 want: ^1.2.1
2072 silly placeDep ROOT is-number-object@1.1.1 OK for: which-boxed-primitive@1.1.1 want: ^1.1.1
2073 silly placeDep ROOT is-symbol@1.1.1 OK for: which-boxed-primitive@1.1.1 want: ^1.1.1
2074 silly fetch manifest has-bigints@^1.0.2
2075 silly packumentCache full:https://registry.npmjs.org/has-bigints cache-miss
2076 silly fetch manifest safe-regex-test@^1.1.0
2077 silly packumentCache full:https://registry.npmjs.org/safe-regex-test cache-miss
2078 http fetch GET 200 https://registry.npmjs.org/has-bigints 31ms (cache miss)
2079 silly packumentCache full:https://registry.npmjs.org/has-bigints set size:undefined disposed:false
2080 http fetch GET 200 https://registry.npmjs.org/safe-regex-test 43ms (cache miss)
2081 silly packumentCache full:https://registry.npmjs.org/safe-regex-test set size:undefined disposed:false
2082 silly placeDep ROOT has-bigints@1.1.0 OK for: is-bigint@1.1.0 want: ^1.0.2
2083 silly placeDep ROOT safe-regex-test@1.1.0 OK for: is-symbol@1.1.1 want: ^1.1.0
2084 silly placeDep ROOT is-weakmap@2.0.2 OK for: which-collection@1.0.2 want: ^2.0.2
2085 silly placeDep ROOT is-weakset@2.0.4 OK for: which-collection@1.0.2 want: ^2.0.3
2086 silly placeDep ROOT available-typed-arrays@1.0.7 OK for: which-typed-array@1.1.22 want: ^1.0.7
2087 silly placeDep ROOT for-each@0.3.5 OK for: which-typed-array@1.1.22 want: ^0.3.5
2088 silly fetch manifest possible-typed-array-names@^1.0.0
2089 silly packumentCache full:https://registry.npmjs.org/possible-typed-array-names cache-miss
2090 silly fetch manifest is-callable@^1.2.7
2091 silly packumentCache full:https://registry.npmjs.org/is-callable cache-miss
2092 http fetch GET 200 https://registry.npmjs.org/is-callable 40ms (cache miss)
2093 silly packumentCache full:https://registry.npmjs.org/is-callable set size:undefined disposed:false
2094 http fetch GET 200 https://registry.npmjs.org/possible-typed-array-names 42ms (cache miss)
2095 silly packumentCache full:https://registry.npmjs.org/possible-typed-array-names set size:undefined disposed:false
2096 silly placeDep ROOT possible-typed-array-names@1.1.0 OK for: available-typed-arrays@1.0.7 want: ^1.0.0
2097 silly placeDep ROOT is-callable@1.2.7 OK for: for-each@0.3.5 want: ^1.2.7
2098 silly placeDep node_modules/css-select domelementtype@2.3.0 OK for: domhandler@5.0.3 want: ^2.3.0
2099 silly placeDep node_modules/css-select dom-serializer@2.0.0 OK for: domutils@3.2.2 want: ^2.0.0
2100 silly fetch manifest entities@^4.2.0
2101 silly packumentCache full:https://registry.npmjs.org/entities cache-hit
2102 silly placeDep node_modules/css-select entities@4.5.0 OK for: dom-serializer@2.0.0 want: ^4.2.0
2103 silly placeDep node_modules/csso mdn-data@2.0.28 OK for: css-tree@2.2.1 want: 2.0.28
2104 silly placeDep node_modules/vite @esbuild/aix-ppc64@0.28.1 OK for: esbuild@0.28.1 want: 0.28.1
2105 silly placeDep node_modules/vite @esbuild/android-arm@0.28.1 OK for: esbuild@0.28.1 want: 0.28.1
2106 silly placeDep node_modules/vite @esbuild/android-arm64@0.28.1 OK for: esbuild@0.28.1 want: 0.28.1
2107 silly placeDep node_modules/vite @esbuild/android-x64@0.28.1 OK for: esbuild@0.28.1 want: 0.28.1
2108 silly placeDep node_modules/vite @esbuild/darwin-arm64@0.28.1 OK for: esbuild@0.28.1 want: 0.28.1
2109 silly placeDep node_modules/vite @esbuild/darwin-x64@0.28.1 OK for: esbuild@0.28.1 want: 0.28.1
2110 silly placeDep node_modules/vite @esbuild/freebsd-arm64@0.28.1 OK for: esbuild@0.28.1 want: 0.28.1
2111 silly placeDep node_modules/vite @esbuild/freebsd-x64@0.28.1 OK for: esbuild@0.28.1 want: 0.28.1
2112 silly placeDep node_modules/vite @esbuild/linux-arm@0.28.1 OK for: esbuild@0.28.1 want: 0.28.1
2113 silly placeDep node_modules/vite @esbuild/linux-arm64@0.28.1 OK for: esbuild@0.28.1 want: 0.28.1
2114 silly placeDep node_modules/vite @esbuild/linux-ia32@0.28.1 OK for: esbuild@0.28.1 want: 0.28.1
2115 silly placeDep node_modules/vite @esbuild/linux-loong64@0.28.1 OK for: esbuild@0.28.1 want: 0.28.1
2116 silly placeDep node_modules/vite @esbuild/linux-mips64el@0.28.1 OK for: esbuild@0.28.1 want: 0.28.1
2117 silly placeDep node_modules/vite @esbuild/linux-ppc64@0.28.1 OK for: esbuild@0.28.1 want: 0.28.1
2118 silly placeDep node_modules/vite @esbuild/linux-riscv64@0.28.1 OK for: esbuild@0.28.1 want: 0.28.1
2119 silly placeDep node_modules/vite @esbuild/linux-s390x@0.28.1 OK for: esbuild@0.28.1 want: 0.28.1
2120 silly placeDep node_modules/vite @esbuild/linux-x64@0.28.1 OK for: esbuild@0.28.1 want: 0.28.1
2121 silly placeDep ROOT @esbuild/netbsd-arm64@0.28.1 OK for: esbuild@0.28.1 want: 0.28.1
2122 silly placeDep node_modules/vite @esbuild/netbsd-x64@0.28.1 OK for: esbuild@0.28.1 want: 0.28.1
2123 silly placeDep ROOT @esbuild/openbsd-arm64@0.28.1 OK for: esbuild@0.28.1 want: 0.28.1
2124 silly placeDep node_modules/vite @esbuild/openbsd-x64@0.28.1 OK for: esbuild@0.28.1 want: 0.28.1
2125 silly placeDep ROOT @esbuild/openharmony-arm64@0.28.1 OK for: esbuild@0.28.1 want: 0.28.1
2126 silly placeDep node_modules/vite @esbuild/sunos-x64@0.28.1 OK for: esbuild@0.28.1 want: 0.28.1
2127 silly placeDep node_modules/vite @esbuild/win32-arm64@0.28.1 OK for: esbuild@0.28.1 want: 0.28.1
2128 silly placeDep node_modules/vite @esbuild/win32-ia32@0.28.1 OK for: esbuild@0.28.1 want: 0.28.1
2129 silly placeDep node_modules/vite @esbuild/win32-x64@0.28.1 OK for: esbuild@0.28.1 want: 0.28.1
2130 verbose stack HttpErrorGeneral: 404 Not Found - GET https://registry.npmjs.org/@lucide%2fshared - Not found
2130 verbose stack     at C:\node_modules\npm\node_modules\npm-registry-fetch\lib\check-response.js:103:15
2130 verbose stack     at process.processTicksAndRejections (node:internal/process/task_queues:103:5)
2130 verbose stack     at async RegistryFetcher.packument (C:\node_modules\npm\node_modules\pacote\lib\registry.js:90:19)
2130 verbose stack     at async RegistryFetcher.manifest (C:\node_modules\npm\node_modules\pacote\lib\registry.js:128:23)
2130 verbose stack     at async #fetchManifest (C:\node_modules\npm\node_modules\@npmcli\arborist\lib\arborist\build-ideal-tree.js:1227:20)
2130 verbose stack     at async #nodeFromEdge (C:\node_modules\npm\node_modules\@npmcli\arborist\lib\arborist\build-ideal-tree.js:1065:19)
2130 verbose stack     at async #buildDepStep (C:\node_modules\npm\node_modules\@npmcli\arborist\lib\arborist\build-ideal-tree.js:929:11)
2130 verbose stack     at async Arborist.buildIdealTree (C:\node_modules\npm\node_modules\@npmcli\arborist\lib\arborist\build-ideal-tree.js:182:7)
2130 verbose stack     at async Promise.all (index 1)
2130 verbose stack     at async Arborist.reify (C:\node_modules\npm\node_modules\@npmcli\arborist\lib\arborist\reify.js:114:5)
2131 verbose statusCode 404
2132 verbose pkgid @lucide/shared@1.0.0
2133 error code E404
2134 error 404 Not Found - GET https://registry.npmjs.org/@lucide%2fshared - Not found
2135 error 404
2136 error 404  The requested resource '@lucide/shared@1.0.0' could not be found or you do not have permission to access it.
2137 error 404
2138 error 404 Note that you can also install from a
2139 error 404 tarball, folder, http url, or git url.
2140 silly unfinished npm timer reify 1786029048952
2141 silly unfinished npm timer reify:loadTrees 1786029048956
2142 verbose cwd C:\Users\franp\menuMuestra
2143 verbose os Windows_NT 10.0.26200
2144 verbose node v24.13.0
2145 verbose npm  v11.6.2
2146 verbose exit 1
2147 verbose code 1
2148 error A complete log of this run can be found in: C:\Users\franp\menuMuestra\%AppData%\npm-cache\_logs\2026-08-06T15_10_48_656Z-debug-0.log
